year,district,type,name_x,name_y,num_covoters,dissim_voters_x,dissim_voters_y,dissim_voters_sym,X,Y
2011,Bremen,parties,100,100,115720,0,0,0,SPD,SPD
2011,Bremen,parties,100,200,9739,0.9158399585205669,0.8235816245199623,0.939578744920433,SPD,CDU
2011,Bremen,parties,100,300,39435,0.6592205323193916,0.4927191334997041,0.7439668101517306,SPD,GRÜNE
2011,Bremen,parties,100,400,5917,0.9488679571379192,0.7031555711633974,0.9543919960535241,SPD,DIE LINKE
2011,Bremen,parties,100,500,2058,0.9822156930521949,0.7602795573675014,0.9831652310486146,SPD,FDP
2011,Bremen,parties,100,600,2534,0.9781023159350155,0.7616629044394281,0.9795344780241968,SPD,BIW
2011,Bremen,parties,100,700,640,0.9944694089180781,0.69377990430622,0.9945378509857472,SPD,BBL
2011,Bremen,parties,100,800,509,0.995601451780159,0.7691609977324263,0.9956649860325679,SPD,Dialog Grundeinkommen
2011,Bremen,parties,100,900,920,0.9920497753197373,0.7261089610002978,0.9922138812955424,SPD,B+B
2011,Bremen,parties,100,1000,601,0.9948064293121327,0.585802894555479,0.9948442995624946,SPD,BIP
2011,Bremen,parties,100,1100,302,0.9973902523332181,0.6940222897669706,0.9974056097246682,SPD,FREIE WÄHLER
2011,Bremen,parties,100,1300,514,0.9955582440373315,0.8781124021816458,0.9956959714627835,SPD,NPD
2011,Bremen,parties,100,1400,2363,0.9795800207397165,0.6995167853509665,0.9805066778858449,SPD,PIRATEN
2011,Bremen,parties,100,1600,1079,0.9906757690978223,0.6524959742351046,0.9908362067501232,SPD,RRP
2011,Bremen,parties,200,100,9739,0.8235816245199623,0.9158399585205669,0.939578744920433,CDU,SPD
2011,Bremen,parties,200,200,55204,0,0,0,CDU,CDU
2011,Bremen,parties,200,300,6128,0.8889935511919426,0.9211711132264787,0.9516772596085605,CDU,GRÜNE
2011,Bremen,parties,200,400,703,0.9872654155495979,0.9647318517032057,0.99055539135341375,CDU,DIE LINKE
2011,Bremen,parties,200,500,3431,0.9378487066154626,0.6003494467093768,0.9431558368401869,CDU,FDP
2011,Bremen,parties,200,600,1636,0.9703644663430187,0.846124905944319,0.9745171339563863,CDU,BIW
2011,Bremen,parties,200,700,418,0.9924280849213825,0.8,0.992650678669386,CDU,BBL
2011,Bremen,parties,200,800,59,0.9989312368668937,0.9732426303854875,0.99897122929381,CDU,Dialog Grundeinkommen
2011,Bremen,parties,200,900,785,0.9857800159408738,0.7662994938969931,0.9864135137941777,CDU,B+B
2011,Bremen,parties,200,1000,144,0.9973914933700456,0.9007580978635423,0.99745182353878,CDU,BIP
2011,Bremen,parties,200,1100,159,0.9971197739294254,0.8389057750759878,0.9971623358081096,CDU,FREIE WÄHLER
2011,Bremen,parties,200,1300,392,0.9928990652851243,0.9070429215081812,0.993359196327229,CDU,NPD
2011,Bremen,parties,200,1400,558,0.9898920368089269,0.9290437436419126,0.9910734282514798,CDU,PIRATEN
2011,Bremen,parties,200,1600,393,0.9928809506557496,0.8734299516908213,0.9932143103805512,CDU,RRP
2011,Bremen,parties,300,100,39435,0.4927191334997041,0.6592205323193916,0.7439668101517306,GRÜNE,SPD
2011,Bremen,parties,300,200,6128,0.9211711132264787,0.8889935511919426,0.9516772596085605,GRÜNE,CDU
2011,Bremen,parties,300,300,77738,0,0,0,GRÜNE,GRÜNE
2011,Bremen,parties,300,400,7320,0.9058375569219687,0.6327697787588421,0.9189826343925358,GRÜNE,DIE LINKE
2011,Bremen,parties,300,500,1482,0.9809359643932183,0.8273733255678509,0.9825320305041194,GRÜNE,FDP
2011,Bremen,parties,300,600,1561,0.9799197303763925,0.8531790820165538,0.9820179935260169,GRÜNE,BIW
2011,Bremen,parties,300,700,450,0.9942113252206128,0.784688995215311,0.9943309229257477,GRÜNE,BBL
2011,Bremen,parties,300,800,1124,0.985541176773264,0.490249433106576,0.9857394790596176,GRÜNE,Dialog Grundeinkommen
2011,Bremen,parties,300,900,609,0.9921659934652294,0.8186960404882405,0.9924336547062916,GRÜNE,B+B
2011,Bremen,parties,300,1000,543,0.9930149990995395,0.6257753273604411,0.9930956437708212,GRÜNE,BIP
2011,Bremen,parties,300,1100,216,0.9972214361058942,0.7811550151975684,0.9972487230763352,GRÜNE,FREIE WÄHLER
2011,Bremen,parties,300,1300,312,0.9959865188196249,0.9260137538534503,0.9961784843771052,GRÜNE,NPD
2011,Bremen,parties,300,1400,3114,0.9599423705266408,0.6040183112919634,0.9622490544079139,GRÜNE,PIRATEN
2011,Bremen,parties,300,1600,602,0.9922560395173532,0.8061191626409018,0.9924976009770566,GRÜNE,RRP
2011,Bremen,parties,400,100,5917,0.7031555711633974,0.9488679571379192,0.9543919960535241,DIE LINKE,SPD
2011,Bremen,parties,400,200,703,0.9647318517032057,0.9872654155495979,0.99055539135341375,DIE LINKE,CDU
2011,Bremen,parties,400,300,7320,0.6327697787588421,0.9058375569219687,0.9189826343925358,DIE LINKE,GRÜNE
2011,Bremen,parties,400,400,19933,0,0,0,DIE LINKE,DIE LINKE
2011,Bremen,parties,400,500,336,0.9831435308282748,0.9608619685497961,0.9880774962742176,DIE LINKE,FDP
2011,Bremen,parties,400,600,728,0.9634776501279285,0.9315274642588413,0.9756007641518919,DIE LINKE,BIW
2011,Bremen,parties,400,700,135,0.9932273114935032,0.9354066985645932,0.9938322368421053,DIE LINKE,BBL
2011,Bremen,parties,400,800,650,0.9673907590427934,0.7052154195011338,0.9697505584512286,DIE LINKE,Dialog Grundeinkommen
2011,Bremen,parties,400,900,138,0.99307680730447,0.9589163441500447,0.9940399067115833,DIE LINKE,B+B
2011,Bremen,parties,400,1000,181,0.9909195805949932,0.8752584424534804,0.9914634721501674,DIE LINKE,BIP
2011,Bremen,parties,400,1100,77,0.9961370591481463,0.9219858156028369,0.996305714148635,DIE LINKE,FREIE WÄHLER
2011,Bremen,parties,400,1300,186,0.9906687402799378,0.9558928147972492,0.9922383575363044,DIE LINKE,NPD
2011,Bremen,parties,400,1400,1252,0.9371895851101189,0.840793489318413,0.9528348088152194,DIE LINKE,PIRATEN
2011,Bremen,parties,400,1600,225,0.9887121858225054,0.927536231884058,0.9901372024722745,DIE LINKE,RRP
2011,Bremen,parties,500,100,2058,0.7602795573675014,0.9822156930521949,0.9831652310486146,FDP,SPD
2011,Bremen,parties,500,200,3431,0.6003494467093768,0.9378487066154626,0.9431558368401869,FDP,CDU
2011,Bremen,parties,500,300,1482,0.8273733255678509,0.9809359643932183,0.9825320305041194,FDP,GRÜNE
2011,Bremen,parties,500,400,336,0.9608619685497961,0.9831435308282748,0.9880774962742176,FDP,DIE LINKE
2011,Bremen,parties,500,500,8585,0,0,0,FDP,FDP
2011,Bremen,parties,500,600,440,0.9487478159580665,0.9586155003762227,0.9765670767428236,FDP,BIW
2011,Bremen,parties,500,700,159,0.9814793244030285,0.9239234449760766,0.9848801825789274,FDP,BBL
2011,Bremen,parties,500,800,36,0.9958066394874782,0.9836734693877551,0.9966524084061744,FDP,Dialog Grundeinkommen
2011,Bremen,parties,500,900,229,0.9733255678509027,0.9318249479011611,0.980452411438327,FDP,B+B
2011,Bremen,parties,500,1000,46,0.9946418171228888,0.9682977257064094,0.9953953953953953,FDP,BIP
2011,Bremen,parties,500,1100,80,0.9906814210832848,0.9189463019250254,0.9915718499789297,FDP,FREIE WÄHLER
2011,Bremen,parties,500,1300,115,0.9866045428072219,0.9727294285036756,0.9909356033735319,FDP,NPD
2011,Bremen,parties,500,1400,300,0.965055329062318,0.9618514750762971,0.9814229983280699,FDP,PIRATEN
2011,Bremen,parties,500,1600,130,0.9848573092603378,0.9581320450885669,0.9887543252595156,FDP,RRP
2011,Bremen,parties,600,100,2534,0.7616629044394281,0.9781023159350155,0.9795344780241968,BIW,SPD
2011,Bremen,parties,600,200,1636,0.846124905944319,0.9703644663430187,0.9745171339563863,BIW,CDU
2011,Bremen,parties,600,300,1561,0.8531790820165538,0.9799197303763925,0.9820179935260169,BIW,GRÜNE
2011,Bremen,parties,600,400,728,0.9315274642588413,0.9634776501279285,0.9756007641518919,BIW,DIE LINKE
2011,Bremen,parties,600,500,440,0.9586155003762227,0.9487478159580665,0.9765670767428236,BIW,FDP
2011,Bremen,parties,600,600,10632,0,0,0,BIW,BIW
2011,Bremen,parties,600,700,378,0.9644469525959368,0.8191387559808613,0.9693778353856124,BIW,BBL
2011,Bremen,parties,600,800,142,0.9866440933032355,0.9356009070294784,0.9888144938952343,BIW,Dialog Grundeinkommen
2011,Bremen,parties,600,900,303,0.9715011286681715,0.9097945817207502,0.9778638223261251,BIW,B+B
2011,Bremen,parties,600,1000,65,0.9938863807373965,0.9552033080634046,0.9945914461640872,BIW,BIP
2011,Bremen,parties,600,1100,204,0.9808126410835214,0.7933130699088146,0.9821287779237845,BIW,FREIE WÄHLER
2011,Bremen,parties,600,1300,617,0.9419676448457487,0.8536874555371117,0.9566469926925238,BIW,NPD
2011,Bremen,parties,600,1400,607,0.94290820165538,0.9228128179043744,0.9660685337358152,BIW,PIRATEN
2011,Bremen,parties,600,1600,478,0.9550413844996237,0.8460547504025765,0.9639490157628781,BIW,RRP
2011,Bremen,parties,700,100,640,0.69377990430622,0.9944694089180781,0.9945378509857472,BBL,SPD
2011,Bremen,parties,700,200,418,0.8,0.9924280849213825,0.992650678669386,BBL,CDU
2011,Bremen,parties,700,300,450,0.784688995215311,0.9942113252206128,0.9943309229257477,BBL,GRÜNE
2011,Bremen,parties,700,400,135,0.9354066985645932,0.9932273114935032,0.9938322368421053,BBL,DIE LINKE
2011,Bremen,parties,700,500,159,0.9239234449760766,0.9814793244030285,0.9848801825789274,BBL,FDP
2011,Bremen,parties,700,600,378,0.8191387559808613,0.9644469525959368,0.9693778353856124,BBL,BIW
2011,Bremen,parties,700,700,2090,0,0,0,BBL,BBL
2011,Bremen,parties,700,800,51,0.9755980861244019,0.9768707482993197,0.9879830348727615,BBL,Dialog Grundeinkommen
2011,Bremen,parties,700,900,243,0.8837320574162679,0.9276570407859482,0.9533230887437572,BBL,B+B
2011,Bremen,parties,700,1000,29,0.9861244019138756,0.980013783597519,0.9917425968109339,BBL,BIP
2011,Bremen,parties,700,1100,92,0.9559808612440192,0.9067882472137792,0.969179229480737,BBL,FREIE WÄHLER
2011,Bremen,parties,700,1300,41,0.9803827751196172,0.9902774484230495,0.9934567507181615,BBL,NPD
2011,Bremen,parties,700,1400,169,0.9191387559808613,0.9785096642929807,0.9827286663260092,BBL,PIRATEN
2011,Bremen,parties,700,1600,86,0.9588516746411483,0.9723027375201289,0.9831669602661969,BBL,RRP
2011,Bremen,parties,800,100,509,0.7691609977324263,0.995601451780159,0.9956649860325679,Dialog Grundeinkommen,SPD
2011,Bremen,parties,800,200,59,0.9732426303854875,0.9989312368668937,0.99897122929381,Dialog Grundeinkommen,CDU
2011,Bremen,parties,800,300,1124,0.490249433106576,0.985541176773264,0.9857394790596176,Dialog Grundeinkommen,GRÜNE
2011,Bremen,parties,800,400,650,0.7052154195011338,0.9673907590427934,0.9697505584512286,Dialog Grundeinkommen,DIE LINKE
2011,Bremen,parties,800,500,36,0.9836734693877551,0.9958066394874782,0.9966524084061744,Dialog Grundeinkommen,FDP
2011,Bremen,parties,800,600,142,0.9356009070294784,0.9866440933032355,0.9888144938952343,Dialog Grundeinkommen,BIW
2011,Bremen,parties,800,700,51,0.9768707482993197,0.9755980861244019,0.9879830348727615,Dialog Grundeinkommen,BBL
2011,Bremen,parties,800,800,2205,0,0,0,Dialog Grundeinkommen,Dialog Grundeinkommen
2011,Bremen,parties,800,900,54,0.9755102040816327,0.9839237868413219,0.9901996370235935,Dialog Grundeinkommen,B+B
2011,Bremen,parties,800,1000,72,0.9673469387755103,0.9503790489317712,0.9799107142857143,Dialog Grundeinkommen,BIP
2011,Bremen,parties,800,1100,43,0.980498866213152,0.9564336372847011,0.9863448713877422,Dialog Grundeinkommen,FREIE WÄHLER
2011,Bremen,parties,800,1300,25,0.9886621315192744,0.9940716148921034,0.9960919180866031,Dialog Grundeinkommen,NPD
2011,Bremen,parties,800,1400,370,0.8321995464852607,0.9529501525940997,0.9618517372925044,Dialog Grundeinkommen,PIRATEN
2011,Bremen,parties,800,1600,56,0.9746031746031746,0.9819645732689211,0.9893414541301865,Dialog Grundeinkommen,RRP
2011,Bremen,parties,900,100,920,0.7261089610002978,0.9920497753197373,0.9922138812955424,B+B,SPD
2011,Bremen,parties,900,200,785,0.7662994938969931,0.9857800159408738,0.9864135137941777,B+B,CDU
2011,Bremen,parties,900,300,609,0.8186960404882405,0.9921659934652294,0.9924336547062916,B+B,GRÜNE
2011,Bremen,parties,900,400,138,0.9589163441500447,0.99307680730447,0.9940399067115833,B+B,DIE LINKE
2011,Bremen,parties,900,500,229,0.9318249479011611,0.9733255678509027,0.980452411438327,B+B,FDP
2011,Bremen,parties,900,600,303,0.9097945817207502,0.9715011286681715,0.9778638223261251,B+B,BIW
2011,Bremen,parties,900,700,243,0.9276570407859482,0.8837320574162679,0.9533230887437572,B+B,BBL
2011,Bremen,parties,900,800,54,0.9839237868413219,0.9755102040816327,0.9901996370235935,B+B,Dialog Grundeinkommen
2011,Bremen,parties,900,900,3359,0,0,0,B+B,B+B
2011,Bremen,parties,900,1000,45,0.9866031557011015,0.968986905582357,0.9905561385099685,B+B,BIP
2011,Bremen,parties,900,1100,108,0.9678475736826436,0.8905775075987842,0.9745162812647475,B+B,FREIE WÄHLER
2011,Bremen,parties,900,1300,47,0.9860077403989282,0.9888546359971544,0.9937574711117014,B+B,NPD
2011,Bremen,parties,900,1400,140,0.9583209288478713,0.9821973550356053,0.9873680411440946,B+B,PIRATEN
2011,Bremen,parties,900,1600,101,0.9699315272402501,0.9674718196457327,0.9841269841269842,B+B,RRP
2011,Bremen,parties,1000,100,601,0.585802894555479,0.9948064293121327,0.9948442995624946,BIP,SPD
2011,Bremen,parties,1000,200,144,0.9007580978635423,0.9973914933700456,0.99745182353878,BIP,CDU
2011,Bremen,parties,1000,300,543,0.6257753273604411,0.9930149990995395,0.9930956437708212,BIP,GRÜNE
2011,Bremen,parties,1000,400,181,0.8752584424534804,0.9909195805949932,0.9914634721501674,BIP,DIE LINKE
2011,Bremen,parties,1000,500,46,0.9682977257064094,0.9946418171228888,0.9953953953953953,BIP,FDP
2011,Bremen,parties,1000,600,65,0.9552033080634046,0.9938863807373965,0.9945914461640872,BIP,BIW
2011,Bremen,parties,1000,700,29,0.980013783597519,0.9861244019138756,0.9917425968109339,BIP,BBL
2011,Bremen,parties,1000,800,72,0.9503790489317712,0.9673469387755103,0.9799107142857143,BIP,Dialog Grundeinkommen
2011,Bremen,parties,1000,900,45,0.968986905582357,0.9866031557011015,0.9905561385099685,BIP,B+B
2011,Bremen,parties,1000,1000,1451,0,0,0,BIP,BIP
2011,Bremen,parties,1000,1100,28,0.9807029634734665,0.9716312056737588,0.9883817427385893,BIP,FREIE WÄHLER
2011,Bremen,parties,1000,1300,13,0.9910406616126809,0.9969172397438938,0.9977011494252873,BIP,NPD
2011,Bremen,parties,1000,1400,122,0.9159200551343901,0.9844862665310274,0.9867290329598608,BIP,PIRATEN
2011,Bremen,parties,1000,1600,52,0.9641626464507236,0.9832528180354267,0.9884547069271759,BIP,RRP
2011,Bremen,parties,1100,100,302,0.6940222897669706,0.9973902523332181,0.9974056097246682,FREIE WÄHLER,SPD
2011,Bremen,parties,1100,200,159,0.8389057750759878,0.9971197739294254,0.9971623358081096,FREIE WÄHLER,CDU
2011,Bremen,parties,1100,300,216,0.7811550151975684,0.9972214361058942,0.9972487230763352,FREIE WÄHLER,GRÜNE
2011,Bremen,parties,1100,400,77,0.9219858156028369,0.9961370591481463,0.996305714148635,FREIE WÄHLER,DIE LINKE
2011,Bremen,parties,1100,500,80,0.9189463019250254,0.9906814210832848,0.9915718499789297,FREIE WÄHLER,FDP
2011,Bremen,parties,1100,600,204,0.7933130699088146,0.9808126410835214,0.9821287779237845,FREIE WÄHLER,BIW
2011,Bremen,parties,1100,700,92,0.9067882472137792,0.9559808612440192,0.969179229480737,FREIE WÄHLER,BBL
2011,Bremen,parties,1100,800,43,0.9564336372847011,0.980498866213152,0.9863448713877422,FREIE WÄHLER,Dialog Grundeinkommen
2011,Bremen,parties,1100,900,108,0.8905775075987842,0.9678475736826436,0.9745162812647475,FREIE WÄHLER,B+B
2011,Bremen,parties,1100,1000,28,0.9716312056737588,0.9807029634734665,0.9883817427385893,FREIE WÄHLER,BIP
2011,Bremen,parties,1100,1100,987,0,0,0,FREIE WÄHLER,FREIE WÄHLER
2011,Bremen,parties,1100,1300,50,0.9493414387031408,0.9881432297842068,0.9902987970508343,FREIE WÄHLER,NPD
2011,Bremen,parties,1100,1400,140,0.8581560283687943,0.9821973550356053,0.9839283664332453,FREIE WÄHLER,PIRATEN
2011,Bremen,parties,1100,1600,93,0.9057750759878419,0.970048309178744,0.9767441860465116,FREIE WÄHLER,RRP
2011,Bremen,parties,1300,100,514,0.8781124021816458,0.9955582440373315,0.9956959714627835,NPD,SPD
2011,Bremen,parties,1300,200,392,0.9070429215081812,0.9928990652851243,0.993359196327229,NPD,CDU
2011,Bremen,parties,1300,300,312,0.9260137538534503,0.9959865188196249,0.9961784843771052,NPD,GRÜNE
2011,Bremen,parties,1300,400,186,0.9558928147972492,0.9906687402799378,0.9922383575363044,NPD,DIE LINKE
2011,Bremen,parties,1300,500,115,0.9727294285036756,0.9866045428072219,0.9909356033735319,NPD,FDP
2011,Bremen,parties,1300,600,617,0.8536874555371117,0.9419676448457487,0.9566469926925238,NPD,BIW
2011,Bremen,parties,1300,700,41,0.9902774484230495,0.9803827751196172,0.9934567507181615,NPD,BBL
2011,Bremen,parties,1300,800,25,0.9940716148921034,0.9886621315192744,0.9960919180866031,NPD,Dialog Grundeinkommen
2011,Bremen,parties,1300,900,47,0.9888546359971544,0.9860077403989282,0.9937574711117014,NPD,B+B
2011,Bremen,parties,1300,1000,13,0.9969172397438938,0.9910406616126809,0.9977011494252873,NPD,BIP
2011,Bremen,parties,1300,1100,50,0.9881432297842068,0.9493414387031408,0.9902987970508343,NPD,FREIE WÄHLER
2011,Bremen,parties,1300,1300,4217,0,0,0,NPD,NPD
2011,Bremen,parties,1300,1400,257,0.9390562010908229,0.9673194303153612,0.9782645466847091,NPD,PIRATEN
2011,Bremen,parties,1300,1600,94,0.9777092719943088,0.9697262479871176,0.98699501936912,NPD,RRP
2011,Bremen,parties,1400,100,2363,0.6995167853509665,0.9795800207397165,0.9805066778858449,PIRATEN,SPD
2011,Bremen,parties,1400,200,558,0.9290437436419126,0.9898920368089269,0.9910734282514798,PIRATEN,CDU
2011,Bremen,parties,1400,300,3114,0.6040183112919634,0.9599423705266408,0.9622490544079139,PIRATEN,GRÜNE
2011,Bremen,parties,1400,400,1252,0.840793489318413,0.9371895851101189,0.9528348088152194,PIRATEN,DIE LINKE
2011,Bremen,parties,1400,500,300,0.9618514750762971,0.965055329062318,0.9814229983280699,PIRATEN,FDP
2011,Bremen,parties,1400,600,607,0.9228128179043744,0.94290820165538,0.9660685337358152,PIRATEN,BIW
2011,Bremen,parties,1400,700,169,0.9785096642929807,0.9191387559808613,0.9827286663260092,PIRATEN,BBL
2011,Bremen,parties,1400,800,370,0.9529501525940997,0.8321995464852607,0.9618517372925044,PIRATEN,Dialog Grundeinkommen
2011,Bremen,parties,1400,900,140,0.9821973550356053,0.9583209288478713,0.9873680411440946,PIRATEN,B+B
2011,Bremen,parties,1400,1000,122,0.9844862665310274,0.9159200551343901,0.9867290329598608,PIRATEN,BIP
2011,Bremen,parties,1400,1100,140,0.9821973550356053,0.8581560283687943,0.9839283664332453,PIRATEN,FREIE WÄHLER
2011,Bremen,parties,1400,1300,257,0.9673194303153612,0.9390562010908229,0.9782645466847091,PIRATEN,NPD
2011,Bremen,parties,1400,1400,7864,0,0,0,PIRATEN,PIRATEN
2011,Bremen,parties,1400,1600,197,0.9749491353001017,0.9365539452495975,0.9817118455254363,PIRATEN,RRP
2011,Bremen,parties,1600,100,1079,0.6524959742351046,0.9906757690978223,0.9908362067501232,RRP,SPD
2011,Bremen,parties,1600,200,393,0.8734299516908213,0.9928809506557496,0.9932143103805512,RRP,CDU
2011,Bremen,parties,1600,300,602,0.8061191626409018,0.9922560395173532,0.9924976009770566,RRP,GRÜNE
2011,Bremen,parties,1600,400,225,0.927536231884058,0.9887121858225054,0.9901372024722745,RRP,DIE LINKE
2011,Bremen,parties,1600,500,130,0.9581320450885669,0.9848573092603378,0.9887543252595156,RRP,FDP
2011,Bremen,parties,1600,600,478,0.8460547504025765,0.9550413844996237,0.9639490157628781,RRP,BIW
2011,Bremen,parties,1600,700,86,0.9723027375201289,0.9588516746411483,0.9831669602661969,RRP,BBL
2011,Bremen,parties,1600,800,56,0.9819645732689211,0.9746031746031746,0.9893414541301865,RRP,Dialog Grundeinkommen
2011,Bremen,parties,1600,900,101,0.9674718196457327,0.9699315272402501,0.9841269841269842,RRP,B+B
2011,Bremen,parties,1600,1000,52,0.9832528180354267,0.9641626464507236,0.9884547069271759,RRP,BIP
2011,Bremen,parties,1600,1100,93,0.970048309178744,0.9057750759878419,0.9767441860465116,RRP,FREIE WÄHLER
2011,Bremen,parties,1600,1300,94,0.9697262479871176,0.9777092719943088,0.98699501936912,RRP,NPD
2011,Bremen,parties,1600,1400,197,0.9365539452495975,0.9749491353001017,0.9817118455254363,RRP,PIRATEN
2011,Bremen,parties,1600,1600,3105,0,0,0,RRP,RRP
2015,Bremen,parties,100,100,86630,0,0,0,SPD,SPD
2015,Bremen,parties,100,200,25263,0.7083804686598176,0.5158025874460949,0.7775008366947913,SPD,GRÜNE
2015,Bremen,parties,100,300,8656,0.9000808034168302,0.8423889293517844,0.9348653814318179,SPD,CDU
2015,Bremen,parties,100,400,7240,0.916426180307053,0.7499309201436861,0.9331745768030866,SPD,DIE LINKE
2015,Bremen,parties,100,500,1446,0.9833083227519335,0.8235078725741487,0.98451438791137,SPD,BIW
2015,Bremen,parties,100,600,3682,0.9574974027473162,0.8147607787895558,0.9641915876489181,SPD,FDP
2015,Bremen,parties,100,700,1337,0.9845665473854323,0.7518559762435041,0.9852560073223718,SPD,PIRATEN
2015,Bremen,parties,100,900,1262,0.9854322982800415,0.9102418207681365,0.9873073983183811,SPD,AfD
2015,Bremen,parties,100,1000,1432,0.9834699295855939,0.7900293255131965,0.9844378273815992,SPD,Die PARTEI
2015,Bremen,parties,100,1100,1085,0.9874754703913194,0.7470862470862472,0.9879223019981076,SPD,Tierschutzpartei
2015,Bremen,parties,200,100,25263,0.5158025874460949,0.7083804686598176,0.7775008366947913,GRÜNE,SPD
2015,Bremen,parties,200,200,52175,0,0,0,GRÜNE,GRÜNE
2015,Bremen,parties,200,300,5069,0.9028461907043603,0.9077021121631463,0.9503165859682826,GRÜNE,CDU
2015,Bremen,parties,200,400,8939,0.828672735984667,0.691247582205029,0.8761705546628249,GRÜNE,DIE LINKE
2015,Bremen,parties,200,500,643,0.9876760900814566,0.9215183693396802,0.9892339891167853,GRÜNE,BIW
2015,Bremen,parties,200,600,2341,0.9551317680881648,0.8822256879810837,0.9664184992325457,GRÜNE,FDP
2015,Bremen,parties,200,700,1779,0.9659032103497844,0.6698218262806236,0.9681091352359099,GRÜNE,PIRATEN
2015,Bremen,parties,200,900,512,0.990186871106852,0.9635846372688478,0.9922097287098884,GRÜNE,AfD
2015,Bremen,parties,200,1000,1924,0.9631241015812171,0.7178885630498534,0.9662876066653817,GRÜNE,Die PARTEI
2015,Bremen,parties,200,1100,1272,0.9756205079060853,0.7034965034965035,0.9769535991883028,GRÜNE,Tierschutzpartei
2015,Bremen,parties,300,100,8656,0.8423889293517844,0.9000808034168302,0.9348653814318179,CDU,SPD
2015,Bremen,parties,300,200,5069,0.9077021121631463,0.9028461907043603,0.9503165859682826,CDU,GRÜNE
2015,Bremen,parties,300,300,54920,0,0,0,CDU,CDU
2015,Bremen,parties,300,400,1259,0.9770757465404224,0.9565142304504006,0.9847602677544697,CDU,DIE LINKE
2015,Bremen,parties,300,500,1307,0.9762017479970867,0.8404735750030514,0.9788531857748438,CDU,BIW
2015,Bremen,parties,300,600,5996,0.8908230152949745,0.6983448206469789,0.9128501039229081,CDU,FDP
2015,Bremen,parties,300,700,439,0.992006554989075,0.9185226429101707,0.9926673236566503,CDU,PIRATEN
2015,Bremen,parties,300,900,1716,0.9687545520757466,0.8779516358463727,0.974488582302569,CDU,AfD
2015,Bremen,parties,300,1000,500,0.9908958485069191,0.9266862170087976,0.9918354016982365,CDU,Die PARTEI
2015,Bremen,parties,300,1100,498,0.9909322651128915,0.8839160839160839,0.9915179179724758,CDU,Tierschutzpartei
2015,Bremen,parties,400,100,7240,0.7499309201436861,0.916426180307053,0.9331745768030866,DIE LINKE,SPD
2015,Bremen,parties,400,200,8939,0.691247582205029,0.828672735984667,0.8761705546628249,DIE LINKE,GRÜNE
2015,Bremen,parties,400,300,1259,0.9565142304504006,0.9770757465404224,0.9847602677544697,DIE LINKE,CDU
2015,Bremen,parties,400,400,28952,0,0,0,DIE LINKE,DIE LINKE
2015,Bremen,parties,400,500,804,0.9722298977618127,0.9018674478213109,0.9778762279519001,DIE LINKE,BIW
2015,Bremen,parties,400,600,727,0.9748894722298977,0.9634250641444886,0.9848862833146231,DIE LINKE,FDP
2015,Bremen,parties,400,700,1464,0.949433545178226,0.7282850779510022,0.9554690351624285,DIE LINKE,PIRATEN
2015,Bremen,parties,400,900,590,0.9796214423873998,0.9580369843527738,0.9860921220121635,DIE LINKE,AfD
2015,Bremen,parties,400,1000,1745,0.9397278253661232,0.7441348973607038,0.9487171951685426,DIE LINKE,Die PARTEI
2015,Bremen,parties,400,1100,643,0.9777908261950815,0.8501165501165502,0.9802754685726556,DIE LINKE,Tierschutzpartei
2015,Bremen,parties,500,100,1446,0.8235078725741487,0.9833083227519335,0.98451438791137,BIW,SPD
2015,Bremen,parties,500,200,643,0.9215183693396802,0.9876760900814566,0.9892339891167853,BIW,GRÜNE
2015,Bremen,parties,500,300,1307,0.8404735750030514,0.9762017479970867,0.9788531857748438,BIW,CDU
2015,Bremen,parties,500,400,804,0.9018674478213109,0.9722298977618127,0.9778762279519001,BIW,DIE LINKE
2015,Bremen,parties,500,500,8193,0,0,0,BIW,BIW
2015,Bremen,parties,500,600,477,0.9417795679238374,0.9760024148513358,0.9827130069220454,BIW,FDP
2015,Bremen,parties,500,700,285,0.9652142072500915,0.9471046770601337,0.9785649819494585,BIW,PIRATEN
2015,Bremen,parties,500,900,1405,0.8285121445136092,0.9000711237553343,0.9326074443591712,BIW,AfD
2015,Bremen,parties,500,1000,262,0.9680214817527157,0.9615835777126099,0.9822384923056064,BIW,Die PARTEI
2015,Bremen,parties,500,1100,326,0.960209935310631,0.924009324009324,0.9731841737270708,BIW,Tierschutzpartei
2015,Bremen,parties,600,100,3682,0.8147607787895558,0.9574974027473162,0.9641915876489181,FDP,SPD
2015,Bremen,parties,600,200,2341,0.8822256879810837,0.9551317680881648,0.9664184992325457,FDP,GRÜNE
2015,Bremen,parties,600,300,5996,0.6983448206469789,0.8908230152949745,0.9128501039229081,FDP,CDU
2015,Bremen,parties,600,400,727,0.9634250641444886,0.9748894722298977,0.9848862833146231,FDP,DIE LINKE
2015,Bremen,parties,600,500,477,0.9760024148513358,0.9417795679238374,0.9827130069220454,FDP,BIW
2015,Bremen,parties,600,600,19877,0,0,0,FDP,FDP
2015,Bremen,parties,600,700,300,0.9849071791517835,0.9443207126948775,0.9879831764470258,FDP,PIRATEN
2015,Bremen,parties,600,900,764,0.9615636162398752,0.9456614509246088,0.9769692219576162,FDP,AfD
2015,Bremen,parties,600,1000,352,0.9822910902047592,0.9483870967741935,0.9866388308977035,FDP,Die PARTEI
2015,Bremen,parties,600,1100,229,0.988479146752528,0.9466200466200466,0.9904336201854792,FDP,Tierschutzpartei
2015,Bremen,parties,700,100,1337,0.7518559762435041,0.9845665473854323,0.9852560073223718,PIRATEN,SPD
2015,Bremen,parties,700,200,1779,0.6698218262806236,0.9659032103497844,0.9681091352359099,PIRATEN,GRÜNE
2015,Bremen,parties,700,300,439,0.9185226429101707,0.992006554989075,0.9926673236566503,PIRATEN,CDU
2015,Bremen,parties,700,400,1464,0.7282850779510022,0.949433545178226,0.9554690351624285,PIRATEN,DIE LINKE
2015,Bremen,parties,700,500,285,0.9471046770601337,0.9652142072500915,0.9785649819494585,PIRATEN,BIW
2015,Bremen,parties,700,600,300,0.9443207126948775,0.9849071791517835,0.9879831764470258,PIRATEN,FDP
2015,Bremen,parties,700,700,5388,0,0,0,PIRATEN,PIRATEN
2015,Bremen,parties,700,900,351,0.9348552338530067,0.9750355618776672,0.9816201497617427,PIRATEN,AfD
2015,Bremen,parties,700,1000,938,0.825909428359317,0.8624633431085044,0.9167701863354037,PIRATEN,Die PARTEI
2015,Bremen,parties,700,1100,414,0.923162583518931,0.9034965034965035,0.9553108808290155,PIRATEN,Tierschutzpartei
2015,Bremen,parties,900,100,1262,0.9102418207681365,0.9854322982800415,0.9873073983183811,AfD,SPD
2015,Bremen,parties,900,200,512,0.9635846372688478,0.990186871106852,0.9922097287098884,AfD,GRÜNE
2015,Bremen,parties,900,300,1716,0.8779516358463727,0.9687545520757466,0.974488582302569,AfD,CDU
2015,Bremen,parties,900,400,590,0.9580369843527738,0.9796214423873998,0.9860921220121635,AfD,DIE LINKE
2015,Bremen,parties,900,500,1405,0.9000711237553343,0.8285121445136092,0.9326074443591712,AfD,BIW
2015,Bremen,parties,900,600,764,0.9456614509246088,0.9615636162398752,0.9769692219576162,AfD,FDP
2015,Bremen,parties,900,700,351,0.9750355618776672,0.9348552338530067,0.9816201497617427,AfD,PIRATEN
2015,Bremen,parties,900,900,14060,0,0,0,AfD,AfD
2015,Bremen,parties,900,1000,302,0.978520625889047,0.9557184750733138,0.9853241325687627,AfD,Die PARTEI
2015,Bremen,parties,900,1100,329,0.9766002844950213,0.9233100233100233,0.9817435214472005,AfD,Tierschutzpartei
2015,Bremen,parties,1000,100,1432,0.7900293255131965,0.9834699295855939,0.9844378273815992,Die PARTEI,SPD
2015,Bremen,parties,1000,200,1924,0.7178885630498534,0.9631241015812171,0.9662876066653817,Die PARTEI,GRÜNE
2015,Bremen,parties,1000,300,500,0.9266862170087976,0.9908958485069191,0.9918354016982365,Die PARTEI,CDU
2015,Bremen,parties,1000,400,1745,0.7441348973607038,0.9397278253661232,0.9487171951685426,Die PARTEI,DIE LINKE
2015,Bremen,parties,1000,500,262,0.9615835777126099,0.9680214817527157,0.9822384923056064,Die PARTEI,BIW
2015,Bremen,parties,1000,600,352,0.9483870967741935,0.9822910902047592,0.9866388308977035,Die PARTEI,FDP
2015,Bremen,parties,1000,700,938,0.8624633431085044,0.825909428359317,0.9167701863354037,Die PARTEI,PIRATEN
2015,Bremen,parties,1000,900,302,0.9557184750733138,0.978520625889047,0.9853241325687627,Die PARTEI,AfD
2015,Bremen,parties,1000,1000,6820,0,0,0,Die PARTEI,Die PARTEI
2015,Bremen,parties,1000,1100,458,0.9328445747800587,0.8932400932400932,0.9570033796470147,Die PARTEI,Tierschutzpartei
2015,Bremen,parties,1100,100,1085,0.7470862470862472,0.9874754703913194,0.9879223019981076,Tierschutzpartei,SPD
2015,Bremen,parties,1100,200,1272,0.7034965034965035,0.9756205079060853,0.9769535991883028,Tierschutzpartei,GRÜNE
2015,Bremen,parties,1100,300,498,0.8839160839160839,0.9909322651128915,0.9915179179724758,Tierschutzpartei,CDU
2015,Bremen,parties,1100,400,643,0.8501165501165502,0.9777908261950815,0.9802754685726556,Tierschutzpartei,DIE LINKE
2015,Bremen,parties,1100,500,326,0.924009324009324,0.960209935310631,0.9731841737270708,Tierschutzpartei,BIW
2015,Bremen,parties,1100,600,229,0.9466200466200466,0.988479146752528,0.9904336201854792,Tierschutzpartei,FDP
2015,Bremen,parties,1100,700,414,0.9034965034965035,0.923162583518931,0.9553108808290155,Tierschutzpartei,PIRATEN
2015,Bremen,parties,1100,900,329,0.9233100233100233,0.9766002844950213,0.9817435214472005,Tierschutzpartei,AfD
2015,Bremen,parties,1100,1000,458,0.8932400932400932,0.9328445747800587,0.9570033796470147,Tierschutzpartei,Die PARTEI
2015,Bremen,parties,1100,1100,4290,0,0,0,Tierschutzpartei,Tierschutzpartei
2019,Bremen,parties,100,100,83183,0,0,0,SPD,SPD
2019,Bremen,parties,100,200,9242,0.8888955676039575,0.8884193750905491,0.9410470182242663,SPD,CDU
2019,Bremen,parties,100,300,20364,0.7551903634156018,0.6962546425428456,0.8431873835302091,SPD,GRÜNE
2019,Bremen,parties,100,400,10880,0.8692040440955484,0.7528901405891572,0.9064745727744731,SPD,DIE LINKE
2019,Bremen,parties,100,500,3596,0.956770013103639,0.8543657864895513,0.9655155879899117,SPD,FDP
2019,Bremen,parties,100,600,880,0.9894209153312576,0.9481162667295561,0.9911347517730497,SPD,AfD
2019,Bremen,parties,100,700,802,0.9903586069268961,0.8763490595127967,0.9909752776621243,SPD,BIW
2019,Bremen,parties,100,800,1211,0.9854417368933556,0.8591205211726385,0.9866288313753202,SPD,Die PARTEI
2019,Bremen,parties,100,900,593,0.9928711395357225,0.8461338868707836,0.993140067558188,SPD,PIRATEN
2019,Bremen,parties,100,1000,465,0.9944099154875395,0.8151093439363817,0.9945443666185633,SPD,BGE
2019,Bremen,parties,100,1200,782,0.9905990406693675,0.8130528328950514,0.9909683082324678,SPD,FREIE WÄHLER
2019,Bremen,parties,100,1300,188,0.9977399228207686,0.8295557570262919,0.9977645128302695,SPD,MENSCHLICHE WELT
2019,Bremen,parties,100,1400,359,0.9956842143226381,0.8537082314588427,0.9957902389830906,SPD,Die Humanisten
2019,Bremen,parties,100,1500,179,0.9978481180048808,0.8958090803259604,0.9978872075730034,SPD,V-Partei³
2019,Bremen,parties,200,100,9242,0.8884193750905491,0.8888955676039575,0.9410470182242663,CDU,SPD
2019,Bremen,parties,200,200,82828,0,0,0,CDU,CDU
2019,Bremen,parties,200,300,9314,0.8875501038296228,0.8610742359381293,0.9337350683352661,CDU,GRÜNE
2019,Bremen,parties,200,400,2512,0.9696720915632395,0.9429466942242613,0.979798142265471,CDU,DIE LINKE
2019,Bremen,parties,200,500,9901,0.8804631284106824,0.5990199254819375,0.8985750724756452,CDU,FDP
2019,Bremen,parties,200,600,1872,0.9773989472159174,0.8896291492246919,0.9808817672110053,CDU,AfD
2019,Bremen,parties,200,700,1185,0.9856932438305887,0.8172987974098057,0.986553801813251,CDU,BIW
2019,Bremen,parties,200,800,653,0.9921161925918771,0.9240344346207539,0.9928060724240121,CDU,Die PARTEI
2019,Bremen,parties,200,900,318,0.9961607185975757,0.9174883238194084,0.996317910240378,CDU,PIRATEN
2019,Bremen,parties,200,1000,205,0.9975249915487516,0.9184890656063618,0.9975921445183115,CDU,BGE
2019,Bremen,parties,200,1200,813,0.9901844786787077,0.8056418838154434,0.9905682266409893,CDU,FREIE WÄHLER
2019,Bremen,parties,200,1300,113,0.9986357270488241,0.8975521305530372,0.9986518408933642,CDU,MENSCHLICHE WELT
2019,Bremen,parties,200,1400,231,0.9972110880378616,0.9058679706601467,0.9972839825516455,CDU,Die Humanisten
2019,Bremen,parties,200,1500,124,0.9985029217172937,0.9278230500582072,0.9985311885527469,CDU,V-Partei³
2019,Bremen,parties,300,100,20364,0.6962546425428456,0.7551903634156018,0.8431873835302091,GRÜNE,SPD
2019,Bremen,parties,300,200,9314,0.8610742359381293,0.8875501038296228,0.9337350683352661,GRÜNE,CDU
2019,Bremen,parties,300,300,67043,0,0,0,GRÜNE,GRÜNE
2019,Bremen,parties,300,400,15436,0.7697597064570499,0.6494128869608666,0.8385963444727926,GRÜNE,DIE LINKE
2019,Bremen,parties,300,500,4226,0.9369658279014961,0.8288514498623036,0.9517078243380681,GRÜNE,FDP
2019,Bremen,parties,300,600,456,0.9931983950598869,0.9731147927598609,0.9945420596543304,GRÜNE,AfD
2019,Bremen,parties,300,700,471,0.992974658055278,0.927382053654024,0.9935530674258808,GRÜNE,BIW
2019,Bremen,parties,300,800,2602,0.9611890876004952,0.6973010702652396,0.9643742212851021,GRÜNE,Die PARTEI
2019,Bremen,parties,300,900,1215,0.9818773026266724,0.684743124026985,0.9825636462788094,GRÜNE,PIRATEN
2019,Bremen,parties,300,1000,820,0.9877690437480423,0.6739562624254474,0.9880706450580465,GRÜNE,BGE
2019,Bremen,parties,300,1200,718,0.9892904553793834,0.8283528568013387,0.9898167583820275,GRÜNE,FREIE WÄHLER
2019,Bremen,parties,300,1300,380,0.9943319958832391,0.6554850407978241,0.994392468199392,GRÜNE,MENSCHLICHE WELT
2019,Bremen,parties,300,1400,790,0.9882165177572603,0.6780766096169519,0.9885018993697876,GRÜNE,Die Humanisten
2019,Bremen,parties,300,1500,660,0.9901555717972048,0.6158323632130385,0.9903085123566467,GRÜNE,V-Partei³
2019,Bremen,parties,400,100,10880,0.7528901405891572,0.8692040440955484,0.9064745727744731,DIE LINKE,SPD
2019,Bremen,parties,400,200,2512,0.9429466942242613,0.9696720915632395,0.979798142265471,DIE LINKE,CDU
2019,Bremen,parties,400,300,15436,0.6494128869608666,0.7697597064570499,0.8385963444727926,DIE LINKE,GRÜNE
2019,Bremen,parties,400,400,44029,0,0,0,DIE LINKE,DIE LINKE
2019,Bremen,parties,400,500,1533,0.9651820391105862,0.9379151142070307,0.9771834256117163,DIE LINKE,FDP
2019,Bremen,parties,400,600,472,0.9892797928637943,0.9721714521549437,0.9922006675699792,DIE LINKE,AfD
2019,Bremen,parties,400,700,469,0.9893479297735583,0.9276904101140919,0.9906286216680654,DIE LINKE,BIW
2019,Bremen,parties,400,800,2302,0.9477162779077426,0.7322010237319684,0.9542555094092164,DIE LINKE,Die PARTEI
2019,Bremen,parties,400,900,1076,0.9755615616979718,0.7208095485210171,0.9770119853868011,DIE LINKE,PIRATEN
2019,Bremen,parties,400,1000,841,0.9808989529628199,0.6656063618290258,0.9815985821499683,DIE LINKE,BGE
2019,Bremen,parties,400,1200,531,0.9879397669717687,0.8730576141525221,0.9888634886013297,DIE LINKE,FREIE WÄHLER
2019,Bremen,parties,400,1300,198,0.9955029639555747,0.8204895738893926,0.9955935371878756,DIE LINKE,MENSCHLICHE WELT
2019,Bremen,parties,400,1400,424,0.9903699834200186,0.8272208638956805,0.9907944158579214,DIE LINKE,Die Humanisten
2019,Bremen,parties,400,1500,377,0.9914374616729883,0.780558789289872,0.9916905444126074,DIE LINKE,V-Partei³
2019,Bremen,parties,500,100,3596,0.8543657864895513,0.956770013103639,0.9655155879899117,FDP,SPD
2019,Bremen,parties,500,200,9901,0.5990199254819375,0.8804631284106824,0.8985750724756452,FDP,CDU
2019,Bremen,parties,500,300,4226,0.8288514498623036,0.9369658279014961,0.9517078243380681,FDP,GRÜNE
2019,Bremen,parties,500,400,1533,0.9379151142070307,0.9651820391105862,0.9771834256117163,FDP,DIE LINKE
2019,Bremen,parties,500,500,24692,0,0,0,FDP,FDP
2019,Bremen,parties,500,600,884,0.9641989308277985,0.9478804315783268,0.9783168583973116,FDP,AfD
2019,Bremen,parties,500,700,638,0.9741616717965333,0.9016342892383595,0.979109364767518,FDP,BIW
2019,Bremen,parties,500,800,627,0.9746071602138344,0.927059097254537,0.9808027923211169,FDP,Die PARTEI
2019,Bremen,parties,500,900,287,0.9883768022031427,0.925531914893617,0.9898439435224177,FDP,PIRATEN
2019,Bremen,parties,500,1000,164,0.9933581726875101,0.9347912524850894,0.9939355840698147,FDP,BGE
2019,Bremen,parties,500,1200,378,0.9846913980236514,0.9096342338034903,0.9867354458364038,FDP,FREIE WÄHLER
2019,Bremen,parties,500,1300,82,0.996679086343755,0.9256572982774252,0.996810951658694,FDP,MENSCHLICHE WELT
2019,Bremen,parties,500,1400,219,0.9911307306010044,0.910757946210269,0.9918668993946597,FDP,Die Humanisten
2019,Bremen,parties,500,1500,84,0.9965980884497003,0.9511059371362048,0.9968092380156499,FDP,V-Partei³
2019,Bremen,parties,600,100,880,0.9481162667295561,0.9894209153312576,0.9911347517730497,AfD,SPD
2019,Bremen,parties,600,200,1872,0.8896291492246919,0.9773989472159174,0.9808817672110053,AfD,CDU
2019,Bremen,parties,600,300,456,0.9731147927598609,0.9931983950598869,0.9945420596543304,AfD,GRÜNE
2019,Bremen,parties,600,400,472,0.9721714521549437,0.9892797928637943,0.9922006675699792,AfD,DIE LINKE
2019,Bremen,parties,600,500,884,0.9478804315783268,0.9641989308277985,0.9783168583973116,AfD,FDP
2019,Bremen,parties,600,600,16961,0,0,0,AfD,AfD
2019,Bremen,parties,600,700,1384,0.9184010376746654,0.7866173296330559,0.9372705434437747,AfD,BIW
2019,Bremen,parties,600,800,297,0.9824892400212252,0.9654490460679386,0.9882422802850356,AfD,Die PARTEI
2019,Bremen,parties,600,900,169,0.9900359648605624,0.9561494551115723,0.9918143950402015,AfD,PIRATEN
2019,Bremen,parties,600,1000,98,0.9942220387948824,0.9610337972166998,0.9949427185468056,AfD,BGE
2019,Bremen,parties,600,1200,200,0.9882082424385354,0.952187425292852,0.9904507257448434,AfD,FREIE WÄHLER
2019,Bremen,parties,600,1300,34,0.997995401214551,0.9691749773345422,0.998114254021076,AfD,MENSCHLICHE WELT
2019,Bremen,parties,600,1400,42,0.9975237309120925,0.9828850855745721,0.9978320342745057,AfD,Die Humanisten
2019,Bremen,parties,600,1500,43,0.9974647721242851,0.9749708963911525,0.9976926379051299,AfD,V-Partei³
2019,Bremen,parties,700,100,802,0.8763490595127967,0.9903586069268961,0.9909752776621243,BIW,SPD
2019,Bremen,parties,700,200,1185,0.8172987974098057,0.9856932438305887,0.986553801813251,BIW,CDU
2019,Bremen,parties,700,300,471,0.927382053654024,0.992974658055278,0.9935530674258808,BIW,GRÜNE
2019,Bremen,parties,700,400,469,0.9276904101140919,0.9893479297735583,0.9906286216680654,BIW,DIE LINKE
2019,Bremen,parties,700,500,638,0.9016342892383595,0.9741616717965333,0.979109364767518,BIW,FDP
2019,Bremen,parties,700,600,1384,0.7866173296330559,0.9184010376746654,0.9372705434437747,BIW,AfD
2019,Bremen,parties,700,700,6486,0,0,0,BIW,BIW
2019,Bremen,parties,700,800,308,0.9525131051495529,0.9641693811074918,0.9791525653174495,BIW,Die PARTEI
2019,Bremen,parties,700,900,178,0.9725562750539624,0.9538142189932538,0.9824837630387719,BIW,PIRATEN
2019,Bremen,parties,700,1000,148,0.9771816219549799,0.9411530815109344,0.9832825031062916,BIW,BGE
2019,Bremen,parties,700,1200,288,0.9555966697502313,0.9311498924217069,0.9722570079953762,BIW,FREIE WÄHLER
2019,Bremen,parties,700,1300,67,0.9896700585877274,0.9392565729827742,0.991092794469556,BIW,MENSCHLICHE WELT
2019,Bremen,parties,700,1400,57,0.9912118408880666,0.9767726161369193,0.9935832489023978,BIW,Die Humanisten
2019,Bremen,parties,700,1500,47,0.9927536231884058,0.9726426076833528,0.9942380777246537,BIW,V-Partei³
2019,Bremen,parties,800,100,1211,0.8591205211726385,0.9854417368933556,0.9866288313753202,Die PARTEI,SPD
2019,Bremen,parties,800,200,653,0.9240344346207539,0.9921161925918771,0.9928060724240121,Die PARTEI,CDU
2019,Bremen,parties,800,300,2602,0.6973010702652396,0.9611890876004952,0.9643742212851021,Die PARTEI,GRÜNE
2019,Bremen,parties,800,400,2302,0.7322010237319684,0.9477162779077426,0.9542555094092164,Die PARTEI,DIE LINKE
2019,Bremen,parties,800,500,627,0.927059097254537,0.9746071602138344,0.9808027923211169,Die PARTEI,FDP
2019,Bremen,parties,800,600,297,0.9654490460679386,0.9824892400212252,0.9882422802850356,Die PARTEI,AfD
2019,Bremen,parties,800,700,308,0.9641693811074918,0.9525131051495529,0.9791525653174495,Die PARTEI,BIW
2019,Bremen,parties,800,800,8596,0,0,0,Die PARTEI,Die PARTEI
2019,Bremen,parties,800,900,905,0.8947184737087017,0.7651790347690711,0.9216110870506713,Die PARTEI,PIRATEN
2019,Bremen,parties,800,1000,314,0.9634713820381573,0.8751491053677932,0.9709178475502455,Die PARTEI,BGE
2019,Bremen,parties,800,1200,223,0.9740577012563983,0.9466889792015301,0.9822395667410003,Die PARTEI,FREIE WÄHLER
2019,Bremen,parties,800,1300,122,0.9858073522568637,0.8893925657298277,0.9872611464968153,Die PARTEI,MENSCHLICHE WELT
2019,Bremen,parties,800,1400,351,0.9591670544439274,0.8569682151589242,0.9671931956257594,Die PARTEI,Die Humanisten
2019,Bremen,parties,800,1500,228,0.9734760353652862,0.8672875436554133,0.9773944080904223,Die PARTEI,V-Partei³
2019,Bremen,parties,900,100,593,0.8461338868707836,0.9928711395357225,0.993140067558188,PIRATEN,SPD
2019,Bremen,parties,900,200,318,0.9174883238194084,0.9961607185975757,0.996317910240378,PIRATEN,CDU
2019,Bremen,parties,900,300,1215,0.684743124026985,0.9818773026266724,0.9825636462788094,PIRATEN,GRÜNE
2019,Bremen,parties,900,400,1076,0.7208095485210171,0.9755615616979718,0.9770119853868011,PIRATEN,DIE LINKE
2019,Bremen,parties,900,500,287,0.925531914893617,0.9883768022031427,0.9898439435224177,PIRATEN,FDP
2019,Bremen,parties,900,600,169,0.9561494551115723,0.9900359648605624,0.9918143950402015,PIRATEN,AfD
2019,Bremen,parties,900,700,178,0.9538142189932538,0.9725562750539624,0.9824837630387719,PIRATEN,BIW
2019,Bremen,parties,900,800,905,0.7651790347690711,0.8947184737087017,0.9216110870506713,PIRATEN,Die PARTEI
2019,Bremen,parties,900,900,3854,0,0,0,PIRATEN,PIRATEN
2019,Bremen,parties,900,1000,275,0.9286455630513752,0.8906560636182903,0.9548736462093863,PIRATEN,BGE
2019,Bremen,parties,900,1200,216,0.9439543331603529,0.9483624193162802,0.9723820483314154,PIRATEN,FREIE WÄHLER
2019,Bremen,parties,900,1300,92,0.9761286974571873,0.9165911151405258,0.9810894141829394,PIRATEN,MENSCHLICHE WELT
2019,Bremen,parties,900,1400,215,0.9442138038401661,0.9123879380603097,0.9647136057771213,PIRATEN,Die Humanisten
2019,Bremen,parties,900,1500,141,0.9634146341463414,0.9179278230500583,0.9740379303995581,PIRATEN,V-Partei³
2019,Bremen,parties,1000,100,465,0.8151093439363817,0.9944099154875395,0.9945443666185633,BGE,SPD
2019,Bremen,parties,1000,200,205,0.9184890656063618,0.9975249915487516,0.9975921445183115,BGE,CDU
2019,Bremen,parties,1000,300,820,0.6739562624254474,0.9877690437480423,0.9880706450580465,BGE,GRÜNE
2019,Bremen,parties,1000,400,841,0.6656063618290258,0.9808989529628199,0.9815985821499683,BGE,DIE LINKE
2019,Bremen,parties,1000,500,164,0.9347912524850894,0.9933581726875101,0.9939355840698147,BGE,FDP
2019,Bremen,parties,1000,600,98,0.9610337972166998,0.9942220387948824,0.9949427185468056,BGE,AfD
2019,Bremen,parties,1000,700,148,0.9411530815109344,0.9771816219549799,0.9832825031062916,BGE,BIW
2019,Bremen,parties,1000,800,314,0.8751491053677932,0.9634713820381573,0.9709178475502455,BGE,Die PARTEI
2019,Bremen,parties,1000,900,275,0.8906560636182903,0.9286455630513752,0.9548736462093863,BGE,PIRATEN
2019,Bremen,parties,1000,1000,2515,0,0,0,BGE,BGE
2019,Bremen,parties,1000,1200,158,0.9371769383697813,0.9622280659813531,0.9758409785932721,BGE,FREIE WÄHLER
2019,Bremen,parties,1000,1300,131,0.9479125248508946,0.8812330009066183,0.9624318898766848,BGE,MENSCHLICHE WELT
2019,Bremen,parties,1000,1400,122,0.9514910536779324,0.9502852485737572,0.9748297916236848,BGE,Die Humanisten
2019,Bremen,parties,1000,1500,127,0.9495029821073558,0.9260768335273574,0.9690696541646371,BGE,V-Partei³
2019,Bremen,parties,1200,100,782,0.8130528328950514,0.9905990406693675,0.9909683082324678,FREIE WÄHLER,SPD
2019,Bremen,parties,1200,200,813,0.8056418838154434,0.9901844786787077,0.9905682266409893,FREIE WÄHLER,CDU
2019,Bremen,parties,1200,300,718,0.8283528568013387,0.9892904553793834,0.9898167583820275,FREIE WÄHLER,GRÜNE
2019,Bremen,parties,1200,400,531,0.8730576141525221,0.9879397669717687,0.9888634886013297,FREIE WÄHLER,DIE LINKE
2019,Bremen,parties,1200,500,378,0.9096342338034903,0.9846913980236514,0.9867354458364038,FREIE WÄHLER,FDP
2019,Bremen,parties,1200,600,200,0.952187425292852,0.9882082424385354,0.9904507257448434,FREIE WÄHLER,AfD
2019,Bremen,parties,1200,700,288,0.9311498924217069,0.9555966697502313,0.9722570079953762,FREIE WÄHLER,BIW
2019,Bremen,parties,1200,800,223,0.9466889792015301,0.9740577012563983,0.9822395667410003,FREIE WÄHLER,Die PARTEI
2019,Bremen,parties,1200,900,216,0.9483624193162802,0.9439543331603529,0.9723820483314154,FREIE WÄHLER,PIRATEN
2019,Bremen,parties,1200,1000,158,0.9622280659813531,0.9371769383697813,0.9758409785932721,FREIE WÄHLER,BGE
2019,Bremen,parties,1200,1200,4183,0,0,0,FREIE WÄHLER,FREIE WÄHLER
2019,Bremen,parties,1200,1300,107,0.9744202725316758,0.9029918404351768,0.9793396408573084,FREIE WÄHLER,MENSCHLICHE WELT
2019,Bremen,parties,1200,1400,140,0.9665311977049964,0.9429502852485737,0.9784515930429429,FREIE WÄHLER,Die Humanisten
2019,Bremen,parties,1200,1500,68,0.9837437245995697,0.9604190919674039,0.9883421909823419,FREIE WÄHLER,V-Partei³
2019,Bremen,parties,1300,100,188,0.8295557570262919,0.9977399228207686,0.9977645128302695,MENSCHLICHE WELT,SPD
2019,Bremen,parties,1300,200,113,0.8975521305530372,0.9986357270488241,0.9986518408933642,MENSCHLICHE WELT,CDU
2019,Bremen,parties,1300,300,380,0.6554850407978241,0.9943319958832391,0.994392468199392,MENSCHLICHE WELT,GRÜNE
2019,Bremen,parties,1300,400,198,0.8204895738893926,0.9955029639555747,0.9955935371878756,MENSCHLICHE WELT,DIE LINKE
2019,Bremen,parties,1300,500,82,0.9256572982774252,0.996679086343755,0.996810951658694,MENSCHLICHE WELT,FDP
2019,Bremen,parties,1300,600,34,0.9691749773345422,0.997995401214551,0.998114254021076,MENSCHLICHE WELT,AfD
2019,Bremen,parties,1300,700,67,0.9392565729827742,0.9896700585877274,0.991092794469556,MENSCHLICHE WELT,BIW
2019,Bremen,parties,1300,800,122,0.8893925657298277,0.9858073522568637,0.9872611464968153,MENSCHLICHE WELT,Die PARTEI
2019,Bremen,parties,1300,900,92,0.9165911151405258,0.9761286974571873,0.9810894141829394,MENSCHLICHE WELT,PIRATEN
2019,Bremen,parties,1300,1000,131,0.8812330009066183,0.9479125248508946,0.9624318898766848,MENSCHLICHE WELT,BGE
2019,Bremen,parties,1300,1200,107,0.9029918404351768,0.9744202725316758,0.9793396408573084,MENSCHLICHE WELT,FREIE WÄHLER
2019,Bremen,parties,1300,1300,1103,0,0,0,MENSCHLICHE WELT,MENSCHLICHE WELT
2019,Bremen,parties,1300,1400,168,0.8476881233000907,0.9315403422982885,0.950427854824432,MENSCHLICHE WELT,Die Humanisten
2019,Bremen,parties,1300,1500,154,0.8603807796917498,0.910360884749709,0.9422572178477691,MENSCHLICHE WELT,V-Partei³
2019,Bremen,parties,1400,100,359,0.8537082314588427,0.9956842143226381,0.9957902389830906,Die Humanisten,SPD
2019,Bremen,parties,1400,200,231,0.9058679706601467,0.9972110880378616,0.9972839825516455,Die Humanisten,CDU
2019,Bremen,parties,1400,300,790,0.6780766096169519,0.9882165177572603,0.9885018993697876,Die Humanisten,GRÜNE
2019,Bremen,parties,1400,400,424,0.8272208638956805,0.9903699834200186,0.9907944158579214,Die Humanisten,DIE LINKE
2019,Bremen,parties,1400,500,219,0.910757946210269,0.9911307306010044,0.9918668993946597,Die Humanisten,FDP
2019,Bremen,parties,1400,600,42,0.9828850855745721,0.9975237309120925,0.9978320342745057,Die Humanisten,AfD
2019,Bremen,parties,1400,700,57,0.9767726161369193,0.9912118408880666,0.9935832489023978,Die Humanisten,BIW
2019,Bremen,parties,1400,800,351,0.8569682151589242,0.9591670544439274,0.9671931956257594,Die Humanisten,Die PARTEI
2019,Bremen,parties,1400,900,215,0.9123879380603097,0.9442138038401661,0.9647136057771213,Die Humanisten,PIRATEN
2019,Bremen,parties,1400,1000,122,0.9502852485737572,0.9514910536779324,0.9748297916236848,Die Humanisten,BGE
2019,Bremen,parties,1400,1200,140,0.9429502852485737,0.9665311977049964,0.9784515930429429,Die Humanisten,FREIE WÄHLER
2019,Bremen,parties,1400,1300,168,0.9315403422982885,0.8476881233000907,0.950427854824432,Die Humanisten,MENSCHLICHE WELT
2019,Bremen,parties,1400,1400,2454,0,0,0,Die Humanisten,Die Humanisten
2019,Bremen,parties,1400,1500,208,0.9152404237978811,0.8789289871944121,0.9475277497477296,Die Humanisten,V-Partei³
2019,Bremen,parties,1500,100,179,0.8958090803259604,0.9978481180048808,0.9978872075730034,V-Partei³,SPD
2019,Bremen,parties,1500,200,124,0.9278230500582072,0.9985029217172937,0.9985311885527469,V-Partei³,CDU
2019,Bremen,parties,1500,300,660,0.6158323632130385,0.9901555717972048,0.9903085123566467,V-Partei³,GRÜNE
2019,Bremen,parties,1500,400,377,0.780558789289872,0.9914374616729883,0.9916905444126074,V-Partei³,DIE LINKE
2019,Bremen,parties,1500,500,84,0.9511059371362048,0.9965980884497003,0.9968092380156499,V-Partei³,FDP
2019,Bremen,parties,1500,600,43,0.9749708963911525,0.9974647721242851,0.9976926379051299,V-Partei³,AfD
2019,Bremen,parties,1500,700,47,0.9726426076833528,0.9927536231884058,0.9942380777246537,V-Partei³,BIW
2019,Bremen,parties,1500,800,228,0.8672875436554133,0.9734760353652862,0.9773944080904223,V-Partei³,Die PARTEI
2019,Bremen,parties,1500,900,141,0.9179278230500583,0.9634146341463414,0.9740379303995581,V-Partei³,PIRATEN
2019,Bremen,parties,1500,1000,127,0.9260768335273574,0.9495029821073558,0.9690696541646371,V-Partei³,BGE
2019,Bremen,parties,1500,1200,68,0.9604190919674039,0.9837437245995697,0.9883421909823419,V-Partei³,FREIE WÄHLER
2019,Bremen,parties,1500,1300,154,0.910360884749709,0.8603807796917498,0.9422572178477691,V-Partei³,MENSCHLICHE WELT
2019,Bremen,parties,1500,1400,208,0.8789289871944121,0.9152404237978811,0.9475277497477296,V-Partei³,Die Humanisten
2019,Bremen,parties,1500,1500,1718,0,0,0,V-Partei³,V-Partei³
2011,Bremerhaven,parties,100,100,17026,0,0,0,SPD,SPD
2011,Bremerhaven,parties,100,200,1597,0.9062022788676143,0.8318947368421052,0.9359380641020498,SPD,CDU
2011,Bremerhaven,parties,100,300,4813,0.7173146951720897,0.6037704783074009,0.8024220032840723,SPD,GRÜNE
2011,Bremerhaven,parties,100,400,601,0.9647010454598849,0.7742299023290758,0.9685126001990884,SPD,DIE LINKE
2011,Bremerhaven,parties,100,500,502,0.9705156818982732,0.7488744372186094,0.9728985585488312,SPD,FDP
2011,Bremerhaven,parties,100,600,649,0.9618818277927875,0.835612968591692,0.9680688806888069,SPD,BIW
2011,Bremerhaven,parties,100,900,256,0.9849641724421473,0.7244348762109796,0.9855359059833889,SPD,B+B
2011,Bremerhaven,parties,100,1000,86,0.9949489016797839,0.7243589743589743,0.9950150707164387,SPD,BIP
2011,Bremerhaven,parties,100,1200,191,0.9887818630330083,0.7343532684283727,0.9891192890509286,SPD,Für Bremerhaven
2011,Bremerhaven,parties,100,1300,117,0.9931281569364502,0.9005947323704333,0.9935309078845516,SPD,NPD
2011,Bremerhaven,parties,100,1400,330,0.9806178785387055,0.7568165070007369,0.981720489669307,SPD,PIRATEN
2011,Bremerhaven,parties,100,1500,60,0.9964759779161283,0.8675496688741722,0.9965554853895172,SPD,PdB
2011,Bremerhaven,parties,100,1600,199,0.9883119934218254,0.771264367816092,0.9887551562411708,SPD,RRP
2011,Bremerhaven,parties,200,100,1597,0.8318947368421052,0.9062022788676143,0.9359380641020498,CDU,SPD
2011,Bremerhaven,parties,200,200,9500,0,0,0,CDU,CDU
2011,Bremerhaven,parties,200,300,1030,0.891578947368421,0.9152054005104141,0.9500412281127225,CDU,GRÜNE
2011,Bremerhaven,parties,200,400,161,0.9830526315789474,0.939519158527423,0.9865844512957254,CDU,DIE LINKE
2011,Bremerhaven,parties,200,500,641,0.9325263157894736,0.6793396698349174,0.9409651869589243,CDU,FDP
2011,Bremerhaven,parties,200,600,472,0.9503157894736842,0.8804457953394124,0.9636251541307028,CDU,BIW
2011,Bremerhaven,parties,200,900,135,0.9857894736842105,0.8546824542518837,0.9868855644064504,CDU,B+B
2011,Bremerhaven,parties,200,1000,29,0.9969473684210526,0.907051282051282,0.9970356741285904,CDU,BIP
2011,Bremerhaven,parties,200,1200,80,0.991578947368421,0.8887343532684284,0.9921096755104054,CDU,Für Bremerhaven
2011,Bremerhaven,parties,200,1300,81,0.9914736842105263,0.9311809685641461,0.9923556058890147,CDU,NPD
2011,Bremerhaven,parties,200,1400,93,0.9902105263157894,0.9314664701547531,0.9913600891861761,CDU,PIRATEN
2011,Bremerhaven,parties,200,1500,34,0.996421052631579,0.924944812362031,0.9965722351043452,CDU,PdB
2011,Bremerhaven,parties,200,1600,106,0.9888421052631579,0.8781609195402299,0.9896726422447389,CDU,RRP
2011,Bremerhaven,parties,300,100,4813,0.6037704783074009,0.7173146951720897,0.8024220032840723,GRÜNE,SPD
2011,Bremerhaven,parties,300,200,1030,0.9152054005104141,0.891578947368421,0.9500412281127225,GRÜNE,CDU
2011,Bremerhaven,parties,300,300,12147,0,0,0,GRÜNE,GRÜNE
2011,Bremerhaven,parties,300,400,789,0.9350456902938997,0.7036063110443276,0.9437232524964336,GRÜNE,DIE LINKE
2011,Bremerhaven,parties,300,500,493,0.9594138470404215,0.7533766883441722,0.9638907199882809,GRÜNE,FDP
2011,Bremerhaven,parties,300,600,598,0.9507697373837162,0.8485309017223911,0.9614118861715171,GRÜNE,BIW
2011,Bremerhaven,parties,300,900,243,0.9799950605087676,0.7384284176533907,0.9810644432322917,GRÜNE,B+B
2011,Bremerhaven,parties,300,1000,114,0.9906149666584342,0.6346153846153846,0.9907654921020657,GRÜNE,BIP
2011,Bremerhaven,parties,300,1200,170,0.9860047748415246,0.7635605006954103,0.9866099558916194,GRÜNE,Für Bremerhaven
2011,Bremerhaven,parties,300,1300,68,0.9944019099366098,0.9422259983007647,0.9948702474351238,GRÜNE,NPD
2011,Bremerhaven,parties,300,1400,431,0.9645179879805713,0.6823876197494473,0.9670312858563451,GRÜNE,PIRATEN
2011,Bremerhaven,parties,300,1500,53,0.9956367827447107,0.8830022075055187,0.9957758826811189,GRÜNE,PdB
2011,Bremerhaven,parties,300,1600,169,0.9860870996953981,0.8057471264367816,0.986846201743462,GRÜNE,RRP
2011,Bremerhaven,parties,400,100,601,0.7742299023290758,0.9647010454598849,0.9685126001990884,DIE LINKE,SPD
2011,Bremerhaven,parties,400,200,161,0.939519158527423,0.9830526315789474,0.9865844512957254,DIE LINKE,CDU
2011,Bremerhaven,parties,400,300,789,0.7036063110443276,0.9350456902938997,0.9437232524964336,DIE LINKE,GRÜNE
2011,Bremerhaven,parties,400,400,2662,0,0,0,DIE LINKE,DIE LINKE
2011,Bremerhaven,parties,400,500,74,0.9722013523666416,0.9629814907453726,0.9838674514933508,DIE LINKE,FDP
2011,Bremerhaven,parties,400,600,238,0.9105935386927122,0.9397163120567376,0.9626490897677338,DIE LINKE,BIW
2011,Bremerhaven,parties,400,900,67,0.9748309541697971,0.9278794402583423,0.9809875141884222,DIE LINKE,B+B
2011,Bremerhaven,parties,400,1000,32,0.9879789631855748,0.8974358974358975,0.9891230455472467,DIE LINKE,BIP
2011,Bremerhaven,parties,400,1200,57,0.978587528174305,0.9207232267037552,0.9828519855595668,DIE LINKE,Für Bremerhaven
2011,Bremerhaven,parties,400,1300,73,0.9725770097670924,0.9379779099405268,0.9806160382368561,DIE LINKE,NPD
2011,Bremerhaven,parties,400,1400,152,0.9429000751314801,0.887988209285188,0.960693043703129,DIE LINKE,PIRATEN
2011,Bremerhaven,parties,400,1500,44,0.9834710743801653,0.9028697571743929,0.9856724194073592,DIE LINKE,PdB
2011,Bremerhaven,parties,400,1600,65,0.9755822689706988,0.9252873563218391,0.9812518027112778,DIE LINKE,RRP
2011,Bremerhaven,parties,500,100,502,0.7488744372186094,0.9705156818982732,0.9728985585488312,FDP,SPD
2011,Bremerhaven,parties,500,200,641,0.6793396698349174,0.9325263157894736,0.9409651869589243,FDP,CDU
2011,Bremerhaven,parties,500,300,493,0.7533766883441722,0.9594138470404215,0.9638907199882809,FDP,GRÜNE
2011,Bremerhaven,parties,500,400,74,0.9629814907453726,0.9722013523666416,0.9838674514933508,FDP,DIE LINKE
2011,Bremerhaven,parties,500,500,1999,0,0,0,FDP,FDP
2011,Bremerhaven,parties,500,600,254,0.8729364682341171,0.9356636271529889,0.9553838046724047,FDP,BIW
2011,Bremerhaven,parties,500,900,85,0.9574787393696849,0.9085037674919269,0.9701020049243757,FDP,B+B
2011,Bremerhaven,parties,500,1000,10,0.9949974987493747,0.967948717948718,0.9956540634506736,FDP,BIP
2011,Bremerhaven,parties,500,1200,49,0.9754877438719359,0.9318497913769124,0.9816410640689397,FDP,Für Bremerhaven
2011,Bremerhaven,parties,500,1300,39,0.9804902451225613,0.9668649107901445,0.9875677398788651,FDP,NPD
2011,Bremerhaven,parties,500,1400,64,0.967983991995998,0.952837140751658,0.9805589307411907,FDP,PIRATEN
2011,Bremerhaven,parties,500,1500,18,0.9909954977488744,0.9602649006622517,0.9926047658175843,FDP,PdB
2011,Bremerhaven,parties,500,1600,44,0.9779889944972486,0.9494252873563218,0.9844247787610619,FDP,RRP
2011,Bremerhaven,parties,600,100,649,0.835612968591692,0.9618818277927875,0.9680688806888069,BIW,SPD
2011,Bremerhaven,parties,600,200,472,0.8804457953394124,0.9503157894736842,0.9636251541307028,BIW,CDU
2011,Bremerhaven,parties,600,300,598,0.8485309017223911,0.9507697373837162,0.9614118861715171,BIW,GRÜNE
2011,Bremerhaven,parties,600,400,238,0.9397163120567376,0.9105935386927122,0.9626490897677338,BIW,DIE LINKE
2011,Bremerhaven,parties,600,500,254,0.9356636271529889,0.8729364682341171,0.9553838046724047,BIW,FDP
2011,Bremerhaven,parties,600,600,3948,0,0,0,BIW,BIW
2011,Bremerhaven,parties,600,900,202,0.9488348530901722,0.7825618945102261,0.9567914438502674,BIW,B+B
2011,Bremerhaven,parties,600,1000,33,0.9916413373860182,0.8942307692307693,0.9921930447125621,BIW,BIP
2011,Bremerhaven,parties,600,1200,154,0.9609929078014184,0.7858136300417247,0.965876357190339,BIW,Für Bremerhaven
2011,Bremerhaven,parties,600,1300,192,0.9513677811550152,0.8368734069668649,0.9610784512467059,BIW,NPD
2011,Bremerhaven,parties,600,1400,205,0.9480749746707193,0.8489314664701547,0.9598039215686275,BIW,PIRATEN
2011,Bremerhaven,parties,600,1500,172,0.9564336372847011,0.620309050772627,0.959328446441239,BIW,PdB
2011,Bremerhaven,parties,600,1600,188,0.9523809523809523,0.7839080459770115,0.9593952483801296,BIW,RRP
2011,Bremerhaven,parties,900,100,256,0.7244348762109796,0.9849641724421473,0.9855359059833889,B+B,SPD
2011,Bremerhaven,parties,900,200,135,0.8546824542518837,0.9857894736842105,0.9868855644064504,B+B,CDU
2011,Bremerhaven,parties,900,300,243,0.7384284176533907,0.9799950605087676,0.9810644432322917,B+B,GRÜNE
2011,Bremerhaven,parties,900,400,67,0.9278794402583423,0.9748309541697971,0.9809875141884222,B+B,DIE LINKE
2011,Bremerhaven,parties,900,500,85,0.9085037674919269,0.9574787393696849,0.9701020049243757,B+B,FDP
2011,Bremerhaven,parties,900,600,202,0.7825618945102261,0.9488348530901722,0.9567914438502674,B+B,BIW
2011,Bremerhaven,parties,900,900,929,0,0,0,B+B,B+B
2011,Bremerhaven,parties,900,1000,36,0.961248654467169,0.8846153846153846,0.9701244813278008,B+B,BIP
2011,Bremerhaven,parties,900,1200,131,0.8589881593110872,0.8178025034770515,0.9136453526697429,B+B,Für Bremerhaven
2011,Bremerhaven,parties,900,1300,23,0.9752421959095802,0.9804587935429057,0.9889582333173308,B+B,NPD
2011,Bremerhaven,parties,900,1400,92,0.9009687836383208,0.9322033898305084,0.9580674567000912,B+B,PIRATEN
2011,Bremerhaven,parties,900,1500,44,0.9526372443487621,0.9028697571743929,0.9671150971599403,B+B,PdB
2011,Bremerhaven,parties,900,1600,74,0.9203444564047363,0.9149425287356322,0.9571014492753623,B+B,RRP
2011,Bremerhaven,parties,1000,100,86,0.7243589743589743,0.9949489016797839,0.9950150707164387,BIP,SPD
2011,Bremerhaven,parties,1000,200,29,0.907051282051282,0.9969473684210526,0.9970356741285904,BIP,CDU
2011,Bremerhaven,parties,1000,300,114,0.6346153846153846,0.9906149666584342,0.9907654921020657,BIP,GRÜNE
2011,Bremerhaven,parties,1000,400,32,0.8974358974358975,0.9879789631855748,0.9891230455472467,BIP,DIE LINKE
2011,Bremerhaven,parties,1000,500,10,0.967948717948718,0.9949974987493747,0.9956540634506736,BIP,FDP
2011,Bremerhaven,parties,1000,600,33,0.8942307692307693,0.9916413373860182,0.9921930447125621,BIP,BIW
2011,Bremerhaven,parties,1000,900,36,0.8846153846153846,0.961248654467169,0.9701244813278008,BIP,B+B
2011,Bremerhaven,parties,1000,1000,312,0,0,0,BIP,BIP
2011,Bremerhaven,parties,1000,1200,15,0.9519230769230769,0.9791376912378303,0.985236220472441,BIP,Für Bremerhaven
2011,Bremerhaven,parties,1000,1300,11,0.9647435897435898,0.9906542056074766,0.9925575101488497,BIP,NPD
2011,Bremerhaven,parties,1000,1400,17,0.9455128205128205,0.9874723655121592,0.9897094430992736,BIP,PIRATEN
2011,Bremerhaven,parties,1000,1500,9,0.9711538461538461,0.9801324503311258,0.9880952380952381,BIP,PdB
2011,Bremerhaven,parties,1000,1600,9,0.9711538461538461,0.9896551724137931,0.9923273657289002,BIP,RRP
2011,Bremerhaven,parties,1200,100,191,0.7343532684283727,0.9887818630330083,0.9891192890509286,Für Bremerhaven,SPD
2011,Bremerhaven,parties,1200,200,80,0.8887343532684284,0.991578947368421,0.9921096755104054,Für Bremerhaven,CDU
2011,Bremerhaven,parties,1200,300,170,0.7635605006954103,0.9860047748415246,0.9866099558916194,Für Bremerhaven,GRÜNE
2011,Bremerhaven,parties,1200,400,57,0.9207232267037552,0.978587528174305,0.9828519855595668,Für Bremerhaven,DIE LINKE
2011,Bremerhaven,parties,1200,500,49,0.9318497913769124,0.9754877438719359,0.9816410640689397,Für Bremerhaven,FDP
2011,Bremerhaven,parties,1200,600,154,0.7858136300417247,0.9609929078014184,0.965876357190339,Für Bremerhaven,BIW
2011,Bremerhaven,parties,1200,900,131,0.8178025034770515,0.8589881593110872,0.9136453526697429,Für Bremerhaven,B+B
2011,Bremerhaven,parties,1200,1000,15,0.9791376912378303,0.9519230769230769,0.985236220472441,Für Bremerhaven,BIP
2011,Bremerhaven,parties,1200,1200,719,0,0,0,Für Bremerhaven,Für Bremerhaven
2011,Bremerhaven,parties,1200,1300,23,0.9680111265646731,0.9804587935429057,0.987720234917245,Für Bremerhaven,NPD
2011,Bremerhaven,parties,1200,1400,69,0.9040333796940194,0.9491525423728814,0.9656203288490284,Für Bremerhaven,PIRATEN
2011,Bremerhaven,parties,1200,1500,54,0.9248956884561892,0.880794701986755,0.9516994633273703,Für Bremerhaven,PdB
2011,Bremerhaven,parties,1200,1600,78,0.8915159944367177,0.9103448275862069,0.9483785572468564,Für Bremerhaven,RRP
2011,Bremerhaven,parties,1300,100,117,0.9005947323704333,0.9931281569364502,0.9935309078845516,NPD,SPD
2011,Bremerhaven,parties,1300,200,81,0.9311809685641461,0.9914736842105263,0.9923556058890147,NPD,CDU
2011,Bremerhaven,parties,1300,300,68,0.9422259983007647,0.9944019099366098,0.9948702474351238,NPD,GRÜNE
2011,Bremerhaven,parties,1300,400,73,0.9379779099405268,0.9725770097670924,0.9806160382368561,NPD,DIE LINKE
2011,Bremerhaven,parties,1300,500,39,0.9668649107901445,0.9804902451225613,0.9875677398788651,NPD,FDP
2011,Bremerhaven,parties,1300,600,192,0.8368734069668649,0.9513677811550152,0.9610784512467059,NPD,BIW
2011,Bremerhaven,parties,1300,900,23,0.9804587935429057,0.9752421959095802,0.9889582333173308,NPD,B+B
2011,Bremerhaven,parties,1300,1000,11,0.9906542056074766,0.9647435897435898,0.9925575101488497,NPD,BIP
2011,Bremerhaven,parties,1300,1200,23,0.9804587935429057,0.9680111265646731,0.987720234917245,NPD,Für Bremerhaven
2011,Bremerhaven,parties,1300,1300,1177,0,0,0,NPD,NPD
2011,Bremerhaven,parties,1300,1400,58,0.9507221750212405,0.9572586588061901,0.9765751211631664,NPD,PIRATEN
2011,Bremerhaven,parties,1300,1500,49,0.9583687340696686,0.891832229580574,0.9690069576217584,NPD,PdB
2011,Bremerhaven,parties,1300,1600,19,0.983857264231096,0.9781609195402299,0.9906311637080868,NPD,RRP
2011,Bremerhaven,parties,1400,100,330,0.7568165070007369,0.9806178785387055,0.981720489669307,PIRATEN,SPD
2011,Bremerhaven,parties,1400,200,93,0.9314664701547531,0.9902105263157894,0.9913600891861761,PIRATEN,CDU
2011,Bremerhaven,parties,1400,300,431,0.6823876197494473,0.9645179879805713,0.9670312858563451,PIRATEN,GRÜNE
2011,Bremerhaven,parties,1400,400,152,0.887988209285188,0.9429000751314801,0.960693043703129,PIRATEN,DIE LINKE
2011,Bremerhaven,parties,1400,500,64,0.952837140751658,0.967983991995998,0.9805589307411907,PIRATEN,FDP
2011,Bremerhaven,parties,1400,600,205,0.8489314664701547,0.9480749746707193,0.9598039215686275,PIRATEN,BIW
2011,Bremerhaven,parties,1400,900,92,0.9322033898305084,0.9009687836383208,0.9580674567000912,PIRATEN,B+B
2011,Bremerhaven,parties,1400,1000,17,0.9874723655121592,0.9455128205128205,0.9897094430992736,PIRATEN,BIP
2011,Bremerhaven,parties,1400,1200,69,0.9491525423728814,0.9040333796940194,0.9656203288490284,PIRATEN,Für Bremerhaven
2011,Bremerhaven,parties,1400,1300,58,0.9572586588061901,0.9507221750212405,0.9765751211631664,PIRATEN,NPD
2011,Bremerhaven,parties,1400,1400,1357,0,0,0,PIRATEN,PIRATEN
2011,Bremerhaven,parties,1400,1500,41,0.969786293294031,0.9094922737306843,0.9768230638778971,PIRATEN,PdB
2011,Bremerhaven,parties,1400,1600,57,0.9579955784819455,0.9344827586206896,0.9737327188940093,PIRATEN,RRP
2011,Bremerhaven,parties,1500,100,60,0.8675496688741722,0.9964759779161283,0.9965554853895172,PdB,SPD
2011,Bremerhaven,parties,1500,200,34,0.924944812362031,0.996421052631579,0.9965722351043452,PdB,CDU
2011,Bremerhaven,parties,1500,300,53,0.8830022075055187,0.9956367827447107,0.9957758826811189,PdB,GRÜNE
2011,Bremerhaven,parties,1500,400,44,0.9028697571743929,0.9834710743801653,0.9856724194073592,PdB,DIE LINKE
2011,Bremerhaven,parties,1500,500,18,0.9602649006622517,0.9909954977488744,0.9926047658175843,PdB,FDP
2011,Bremerhaven,parties,1500,600,172,0.620309050772627,0.9564336372847011,0.959328446441239,PdB,BIW
2011,Bremerhaven,parties,1500,900,44,0.9028697571743929,0.9526372443487621,0.9671150971599403,PdB,B+B
2011,Bremerhaven,parties,1500,1000,9,0.9801324503311258,0.9711538461538461,0.9880952380952381,PdB,BIP
2011,Bremerhaven,parties,1500,1200,54,0.880794701986755,0.9248956884561892,0.9516994633273703,PdB,Für Bremerhaven
2011,Bremerhaven,parties,1500,1300,49,0.891832229580574,0.9583687340696686,0.9690069576217584,PdB,NPD
2011,Bremerhaven,parties,1500,1400,41,0.9094922737306843,0.969786293294031,0.9768230638778971,PdB,PIRATEN
2011,Bremerhaven,parties,1500,1500,453,0,0,0,PdB,PdB
2011,Bremerhaven,parties,1500,1600,55,0.8785871964679912,0.9367816091954023,0.9566246056782335,PdB,RRP
2011,Bremerhaven,parties,1600,100,199,0.771264367816092,0.9883119934218254,0.9887551562411708,RRP,SPD
2011,Bremerhaven,parties,1600,200,106,0.8781609195402299,0.9888421052631579,0.9896726422447389,RRP,CDU
2011,Bremerhaven,parties,1600,300,169,0.8057471264367816,0.9860870996953981,0.986846201743462,RRP,GRÜNE
2011,Bremerhaven,parties,1600,400,65,0.9252873563218391,0.9755822689706988,0.9812518027112778,RRP,DIE LINKE
2011,Bremerhaven,parties,1600,500,44,0.9494252873563218,0.9779889944972486,0.9844247787610619,RRP,FDP
2011,Bremerhaven,parties,1600,600,188,0.7839080459770115,0.9523809523809523,0.9593952483801296,RRP,BIW
2011,Bremerhaven,parties,1600,900,74,0.9149425287356322,0.9203444564047363,0.9571014492753623,RRP,B+B
2011,Bremerhaven,parties,1600,1000,9,0.9896551724137931,0.9711538461538461,0.9923273657289002,RRP,BIP
2011,Bremerhaven,parties,1600,1200,78,0.9103448275862069,0.8915159944367177,0.9483785572468564,RRP,Für Bremerhaven
2011,Bremerhaven,parties,1600,1300,19,0.9781609195402299,0.983857264231096,0.9906311637080868,RRP,NPD
2011,Bremerhaven,parties,1600,1400,57,0.9344827586206896,0.9579955784819455,0.9737327188940093,RRP,PIRATEN
2011,Bremerhaven,parties,1600,1500,55,0.9367816091954023,0.8785871964679912,0.9566246056782335,RRP,PdB
2011,Bremerhaven,parties,1600,1600,870,0,0,0,RRP,RRP
2015,Bremerhaven,parties,100,100,13502,0,0,0,SPD,SPD
2015,Bremerhaven,parties,100,200,2801,0.7925492519626722,0.5227466348611347,0.8309595654797828,SPD,GRÜNE
2015,Bremerhaven,parties,100,300,1356,0.8995704340097763,0.8527047577666739,0.9364930685650056,SPD,CDU
2015,Bremerhaven,parties,100,400,616,0.9543771293141756,0.8010978366160801,0.961459050240881,SPD,DIE LINKE
2015,Bremerhaven,parties,100,500,399,0.970448822396682,0.8616984402079723,0.9750437828371279,SPD,BIW
2015,Bremerhaven,parties,100,600,550,0.959265294030514,0.791745550927679,0.964727762457513,SPD,FDP
2015,Bremerhaven,parties,100,700,291,0.9784476373870538,0.7820224719101123,0.9799945002062422,SPD,PIRATEN
2015,Bremerhaven,parties,100,800,44,0.9967412235224411,0.9241379310344827,0.9968656503775467,SPD,NPD
2015,Bremerhaven,parties,100,900,166,0.9877055251073915,0.9178624443344878,0.9891905971218337,SPD,AfD
2015,Bremerhaven,parties,100,1000,186,0.9862242630721375,0.8082474226804124,0.9869802603947921,SPD,Die PARTEI
2015,Bremerhaven,parties,100,1100,145,0.9892608502444082,0.8119325551232166,0.9897366930917327,SPD,Tierschutzpartei
2015,Bremerhaven,parties,200,100,2801,0.5227466348611347,0.7925492519626722,0.8309595654797828,GRÜNE,SPD
2015,Bremerhaven,parties,200,200,5869,0,0,0,GRÜNE,GRÜNE
2015,Bremerhaven,parties,200,300,696,0.8814108025217243,0.9243971323050184,0.9515960776131859,GRÜNE,CDU
2015,Bremerhaven,parties,200,400,612,0.8957232918725507,0.8023894091055861,0.9267416806320325,GRÜNE,DIE LINKE
2015,Bremerhaven,parties,200,500,182,0.9689896064065429,0.9369150779896014,0.9787680821278582,GRÜNE,BIW
2015,Bremerhaven,parties,200,600,356,0.939342307036974,0.8652025747822795,0.9563404464066716,GRÜNE,FDP
2015,Bremerhaven,parties,200,700,310,0.9471800988243312,0.7677902621722846,0.9550333623440673,GRÜNE,PIRATEN
2015,Bremerhaven,parties,200,800,19,0.9967626512182655,0.9672413793103448,0.997045101088647,GRÜNE,NPD
2015,Bremerhaven,parties,200,900,86,0.9853467370932015,0.9574468085106383,0.9889800102511532,GRÜNE,AfD
2015,Bremerhaven,parties,200,1000,182,0.9689896064065429,0.8123711340206186,0.9726603575184016,GRÜNE,Die PARTEI
2015,Bremerhaven,parties,200,1100,178,0.969671153518487,0.7691309987029831,0.9724543484989168,GRÜNE,Tierschutzpartei
2015,Bremerhaven,parties,300,100,1356,0.8527047577666739,0.8995704340097763,0.9364930685650056,CDU,SPD
2015,Bremerhaven,parties,300,200,696,0.9243971323050184,0.8814108025217243,0.9515960776131859,CDU,GRÜNE
2015,Bremerhaven,parties,300,300,9206,0,0,0,CDU,CDU
2015,Bremerhaven,parties,300,400,160,0.9826200304149467,0.948337100419761,0.986823684427242,CDU,DIE LINKE
2015,Bremerhaven,parties,300,500,399,0.9566587008472736,0.8616984402079723,0.9658741019500513,CDU,BIW
2015,Bremerhaven,parties,300,600,752,0.9183141429502498,0.7152593714502082,0.9322217214961694,CDU,FDP
2015,Bremerhaven,parties,300,700,132,0.9856615250923311,0.9011235955056179,0.9873186665385724,CDU,PIRATEN
2015,Bremerhaven,parties,300,800,37,0.9959808820334565,0.9362068965517242,0.9962047389475843,CDU,NPD
2015,Bremerhaven,parties,300,900,182,0.9802302845970019,0.9099455714992578,0.9835219556360344,CDU,AfD
2015,Bremerhaven,parties,300,1000,92,0.9900065174885944,0.9051546391752577,0.9908766362554542,CDU,Die PARTEI
2015,Bremerhaven,parties,300,1100,90,0.9902237671084075,0.8832684824902723,0.9908971376555072,CDU,Tierschutzpartei
2015,Bremerhaven,parties,400,100,616,0.8010978366160801,0.9543771293141756,0.961459050240881,DIE LINKE,SPD
2015,Bremerhaven,parties,400,200,612,0.8023894091055861,0.8957232918725507,0.9267416806320325,DIE LINKE,GRÜNE
2015,Bremerhaven,parties,400,300,160,0.948337100419761,0.9826200304149467,0.986823684427242,DIE LINKE,CDU
2015,Bremerhaven,parties,400,400,3097,0,0,0,DIE LINKE,DIE LINKE
2015,Bremerhaven,parties,400,500,159,0.9486599935421376,0.9448873483535528,0.9726944873776404,DIE LINKE,BIW
2015,Bremerhaven,parties,400,600,114,0.9631901840490797,0.9568345323741008,0.9797297297297297,DIE LINKE,FDP
2015,Bremerhaven,parties,400,700,223,0.927994833710042,0.8329588014981273,0.9470182941316228,DIE LINKE,PIRATEN
2015,Bremerhaven,parties,400,800,32,0.9896674200839523,0.9448275862068966,0.9912208504801098,DIE LINKE,NPD
2015,Bremerhaven,parties,400,900,88,0.9715854052308686,0.9564571994062345,0.9825049701789265,DIE LINKE,AfD
2015,Bremerhaven,parties,400,1000,160,0.948337100419761,0.8350515463917526,0.9590478628103404,DIE LINKE,Die PARTEI
2015,Bremerhaven,parties,400,1100,99,0.9680335808847271,0.8715953307392996,0.9737330856991244,DIE LINKE,Tierschutzpartei
2015,Bremerhaven,parties,500,100,399,0.8616984402079723,0.970448822396682,0.9750437828371279,BIW,SPD
2015,Bremerhaven,parties,500,200,182,0.9369150779896014,0.9689896064065429,0.9787680821278582,BIW,GRÜNE
2015,Bremerhaven,parties,500,300,399,0.8616984402079723,0.9566587008472736,0.9658741019500513,BIW,CDU
2015,Bremerhaven,parties,500,400,159,0.9448873483535528,0.9486599935421376,0.9726944873776404,BIW,DIE LINKE
2015,Bremerhaven,parties,500,500,2885,0,0,0,BIW,BIW
2015,Bremerhaven,parties,500,600,179,0.9379549393414212,0.9322226429382809,0.9665232840845334,BIW,FDP
2015,Bremerhaven,parties,500,700,143,0.9504332755632582,0.8928838951310861,0.964925190090753,BIW,PIRATEN
2015,Bremerhaven,parties,500,800,88,0.9694974003466205,0.8482758620689655,0.9739413680781759,BIW,NPD
2015,Bremerhaven,parties,500,900,315,0.8908145580589255,0.8441365660564077,0.9313874972772817,BIW,AfD
2015,Bremerhaven,parties,500,1000,85,0.9705372616984402,0.9123711340206185,0.9774535809018567,BIW,Die PARTEI
2015,Bremerhaven,parties,500,1100,93,0.9677642980935875,0.8793774319066148,0.9738984002245299,BIW,Tierschutzpartei
2015,Bremerhaven,parties,600,100,550,0.791745550927679,0.959265294030514,0.964727762457513,FDP,SPD
2015,Bremerhaven,parties,600,200,356,0.8652025747822795,0.939342307036974,0.9563404464066716,FDP,GRÜNE
2015,Bremerhaven,parties,600,300,752,0.7152593714502082,0.9183141429502498,0.9322217214961694,FDP,CDU
2015,Bremerhaven,parties,600,400,114,0.9568345323741008,0.9631901840490797,0.9797297297297297,FDP,DIE LINKE
2015,Bremerhaven,parties,600,500,179,0.9322226429382809,0.9379549393414212,0.9665232840845334,FDP,BIW
2015,Bremerhaven,parties,600,600,2641,0,0,0,FDP,FDP
2015,Bremerhaven,parties,600,700,73,0.9723589549413101,0.9453183520599251,0.9812964386369459,FDP,PIRATEN
2015,Bremerhaven,parties,600,800,31,0.9882620219613782,0.946551724137931,0.990282131661442,FDP,NPD
2015,Bremerhaven,parties,600,900,84,0.9681938659598637,0.9584364176150421,0.981651376146789,FDP,AfD
2015,Bremerhaven,parties,600,1000,68,0.974252177205604,0.9298969072164949,0.9808072255151002,FDP,Die PARTEI
2015,Bremerhaven,parties,600,1100,53,0.9799318439984854,0.9312581063553826,0.9842214944924085,FDP,Tierschutzpartei
2015,Bremerhaven,parties,700,100,291,0.7820224719101123,0.9784476373870538,0.9799945002062422,PIRATEN,SPD
2015,Bremerhaven,parties,700,200,310,0.7677902621722846,0.9471800988243312,0.9550333623440673,PIRATEN,GRÜNE
2015,Bremerhaven,parties,700,300,132,0.9011235955056179,0.9856615250923311,0.9873186665385724,PIRATEN,CDU
2015,Bremerhaven,parties,700,400,223,0.8329588014981273,0.927994833710042,0.9470182941316228,PIRATEN,DIE LINKE
2015,Bremerhaven,parties,700,500,143,0.8928838951310861,0.9504332755632582,0.964925190090753,PIRATEN,BIW
2015,Bremerhaven,parties,700,600,73,0.9453183520599251,0.9723589549413101,0.9812964386369459,PIRATEN,FDP
2015,Bremerhaven,parties,700,700,1335,0,0,0,PIRATEN,PIRATEN
2015,Bremerhaven,parties,700,800,43,0.9677902621722847,0.9258620689655173,0.9770299145299145,PIRATEN,NPD
2015,Bremerhaven,parties,700,900,78,0.9415730337078652,0.9614052449282533,0.9762050030506406,PIRATEN,AfD
2015,Bremerhaven,parties,700,1000,149,0.8883895131086142,0.8463917525773196,0.9308905380333952,PIRATEN,Die PARTEI
2015,Bremerhaven,parties,700,1100,90,0.9325842696629214,0.8832684824902723,0.9553571428571429,PIRATEN,Tierschutzpartei
2015,Bremerhaven,parties,800,100,44,0.9241379310344827,0.9967412235224411,0.9968656503775467,NPD,SPD
2015,Bremerhaven,parties,800,200,19,0.9672413793103448,0.9967626512182655,0.997045101088647,NPD,GRÜNE
2015,Bremerhaven,parties,800,300,37,0.9362068965517242,0.9959808820334565,0.9962047389475843,NPD,CDU
2015,Bremerhaven,parties,800,400,32,0.9448275862068966,0.9896674200839523,0.9912208504801098,NPD,DIE LINKE
2015,Bremerhaven,parties,800,500,88,0.8482758620689655,0.9694974003466205,0.9739413680781759,NPD,BIW
2015,Bremerhaven,parties,800,600,31,0.946551724137931,0.9882620219613782,0.990282131661442,NPD,FDP
2015,Bremerhaven,parties,800,700,43,0.9258620689655173,0.9677902621722847,0.9770299145299145,NPD,PIRATEN
2015,Bremerhaven,parties,800,800,580,0,0,0,NPD,NPD
2015,Bremerhaven,parties,800,900,62,0.8931034482758621,0.9693221177634834,0.9755809373769201,NPD,AfD
2015,Bremerhaven,parties,800,1000,34,0.9413793103448276,0.9649484536082474,0.9775725593667546,NPD,Die PARTEI
2015,Bremerhaven,parties,800,1100,19,0.9672413793103448,0.9753566796368353,0.9857357357357357,NPD,Tierschutzpartei
2015,Bremerhaven,parties,900,100,166,0.9178624443344878,0.9877055251073915,0.9891905971218337,AfD,SPD
2015,Bremerhaven,parties,900,200,86,0.9574468085106383,0.9853467370932015,0.9889800102511532,AfD,GRÜNE
2015,Bremerhaven,parties,900,300,182,0.9099455714992578,0.9802302845970019,0.9835219556360344,AfD,CDU
2015,Bremerhaven,parties,900,400,88,0.9564571994062345,0.9715854052308686,0.9825049701789265,AfD,DIE LINKE
2015,Bremerhaven,parties,900,500,315,0.8441365660564077,0.8908145580589255,0.9313874972772817,AfD,BIW
2015,Bremerhaven,parties,900,600,84,0.9584364176150421,0.9681938659598637,0.981651376146789,AfD,FDP
2015,Bremerhaven,parties,900,700,78,0.9614052449282533,0.9415730337078652,0.9762050030506406,AfD,PIRATEN
2015,Bremerhaven,parties,900,800,62,0.9693221177634834,0.8931034482758621,0.9755809373769201,AfD,NPD
2015,Bremerhaven,parties,900,900,2021,0,0,0,AfD,AfD
2015,Bremerhaven,parties,900,1000,71,0.9648688767936665,0.9268041237113402,0.9756849315068493,AfD,Die PARTEI
2015,Bremerhaven,parties,900,1100,58,0.971301335972291,0.9247730220492867,0.9787856620336504,AfD,Tierschutzpartei
2015,Bremerhaven,parties,1000,100,186,0.8082474226804124,0.9862242630721375,0.9869802603947921,Die PARTEI,SPD
2015,Bremerhaven,parties,1000,200,182,0.8123711340206186,0.9689896064065429,0.9726603575184016,Die PARTEI,GRÜNE
2015,Bremerhaven,parties,1000,300,92,0.9051546391752577,0.9900065174885944,0.9908766362554542,Die PARTEI,CDU
2015,Bremerhaven,parties,1000,400,160,0.8350515463917526,0.948337100419761,0.9590478628103404,Die PARTEI,DIE LINKE
2015,Bremerhaven,parties,1000,500,85,0.9123711340206185,0.9705372616984402,0.9774535809018567,Die PARTEI,BIW
2015,Bremerhaven,parties,1000,600,68,0.9298969072164949,0.974252177205604,0.9808072255151002,Die PARTEI,FDP
2015,Bremerhaven,parties,1000,700,149,0.8463917525773196,0.8883895131086142,0.9308905380333952,Die PARTEI,PIRATEN
2015,Bremerhaven,parties,1000,800,34,0.9649484536082474,0.9413793103448276,0.9775725593667546,Die PARTEI,NPD
2015,Bremerhaven,parties,1000,900,71,0.9268041237113402,0.9648688767936665,0.9756849315068493,Die PARTEI,AfD
2015,Bremerhaven,parties,1000,1000,970,0,0,0,Die PARTEI,Die PARTEI
2015,Bremerhaven,parties,1000,1100,89,0.9082474226804124,0.8845654993514915,0.9461259079903148,Die PARTEI,Tierschutzpartei
2015,Bremerhaven,parties,1100,100,145,0.8119325551232166,0.9892608502444082,0.9897366930917327,Tierschutzpartei,SPD
2015,Bremerhaven,parties,1100,200,178,0.7691309987029831,0.969671153518487,0.9724543484989168,Tierschutzpartei,GRÜNE
2015,Bremerhaven,parties,1100,300,90,0.8832684824902723,0.9902237671084075,0.9908971376555072,Tierschutzpartei,CDU
2015,Bremerhaven,parties,1100,400,99,0.8715953307392996,0.9680335808847271,0.9737330856991244,Tierschutzpartei,DIE LINKE
2015,Bremerhaven,parties,1100,500,93,0.8793774319066148,0.9677642980935875,0.9738984002245299,Tierschutzpartei,BIW
2015,Bremerhaven,parties,1100,600,53,0.9312581063553826,0.9799318439984854,0.9842214944924085,Tierschutzpartei,FDP
2015,Bremerhaven,parties,1100,700,90,0.8832684824902723,0.9325842696629214,0.9553571428571429,Tierschutzpartei,PIRATEN
2015,Bremerhaven,parties,1100,800,19,0.9753566796368353,0.9672413793103448,0.9857357357357357,Tierschutzpartei,NPD
2015,Bremerhaven,parties,1100,900,58,0.9247730220492867,0.971301335972291,0.9787856620336504,Tierschutzpartei,AfD
2015,Bremerhaven,parties,1100,1000,89,0.8845654993514915,0.9082474226804124,0.9461259079903148,Tierschutzpartei,Die PARTEI
2015,Bremerhaven,parties,1100,1100,771,0,0,0,Tierschutzpartei,Tierschutzpartei
2019,Bremerhaven,parties,100,100,13052,0,0,0,SPD,SPD
2019,Bremerhaven,parties,100,200,1692,0.8703646950658903,0.8547514808138037,0.9264635577382763,SPD,CDU
2019,Bremerhaven,parties,100,300,2556,0.8041679436101747,0.7400854179377669,0.874274471224791,SPD,GRÜNE
2019,Bremerhaven,parties,100,400,943,0.9277505363162734,0.81549598904324,0.9452380952380952,SPD,DIE LINKE
2019,Bremerhaven,parties,100,500,670,0.9486668709776279,0.8220451527224435,0.9585062240663901,SPD,FDP
2019,Bremerhaven,parties,100,600,227,0.9826080294207784,0.9484676503972759,0.9868253047011027,SPD,AfD
2019,Bremerhaven,parties,100,700,438,0.9664419246092553,0.8942795076031861,0.97386166974995525,SPD,BIW
2019,Bremerhaven,parties,100,900,244,0.9813055470425989,0.8402095612311722,0.9829787234042553,SPD,PIRATEN
2019,Bremerhaven,parties,100,1100,15,0.9988507508427827,0.9257425742574258,0.9988669839111716,SPD,DIE RECHTE
2019,Bremerhaven,parties,100,1200,82,0.9937174379405455,0.8452830188679246,0.9939259259259259,SPD,FREIE WÄHLER
2019,Bremerhaven,parties,100,1600,179,0.9862856267238738,0.8143153526970954,0.9870636698706367,SPD,WIR
2019,Bremerhaven,parties,200,100,1692,0.8547514808138037,0.8703646950658903,0.9264635577382763,CDU,SPD
2019,Bremerhaven,parties,200,200,11649,0,0,0,CDU,CDU
2019,Bremerhaven,parties,200,300,1388,0.8808481414713709,0.8588570266422615,0.930928091565066,CDU,GRÜNE
2019,Bremerhaven,parties,200,400,286,0.9754485363550519,0.9440422617882998,0.9826393104285541,CDU,DIE LINKE
2019,Bremerhaven,parties,200,500,1064,0.9086616876985149,0.7173970783532537,0.9258536585365854,CDU,FDP
2019,Bremerhaven,parties,200,600,286,0.9754485363550519,0.9350737797956867,0.9818619989852867,CDU,AfD
2019,Bremerhaven,parties,200,700,544,0.9533007125075114,0.8686941829592083,0.9643231899265478,CDU,BIW
2019,Bremerhaven,parties,200,900,120,0.9896986865825392,0.9214145383104125,0.9908088235294118,CDU,PIRATEN
2019,Bremerhaven,parties,200,1100,13,0.9988840243797751,0.9356435643564356,0.998901841527285,CDU,DIE RECHTE
2019,Bremerhaven,parties,200,1200,86,0.9926173920508198,0.8377358490566038,0.9928884478623997,CDU,FREIE WÄHLER
2019,Bremerhaven,parties,200,1600,107,0.9908146622027642,0.8890041493775933,0.9914441068287222,CDU,WIR
2019,Bremerhaven,parties,300,100,2556,0.7400854179377669,0.8041679436101747,0.874274471224791,GRÜNE,SPD
2019,Bremerhaven,parties,300,200,1388,0.8588570266422615,0.8808481414713709,0.930928091565066,GRÜNE,CDU
2019,Bremerhaven,parties,300,300,9834,0,0,0,GRÜNE,GRÜNE
2019,Bremerhaven,parties,300,400,1673,0.8298759406141957,0.6726667971042849,0.873945147679325,GRÜNE,DIE LINKE
2019,Bremerhaven,parties,300,500,829,0.9157006304657311,0.7798140770252324,0.9350822239624119,GRÜNE,FDP
2019,Bremerhaven,parties,300,600,141,0.9856619890176938,0.9679909194097617,0.989998581359058,GRÜNE,AfD
2019,Bremerhaven,parties,300,700,364,0.9629855603009966,0.912140960656529,0.9732608535958275,GRÜNE,BIW
2019,Bremerhaven,parties,300,900,436,0.9556640227781168,0.7144728225278323,0.960091533180778,GRÜNE,PIRATEN
2019,Bremerhaven,parties,300,1100,10,0.998983119788489,0.9504950495049505,0.9990025932575304,GRÜNE,DIE RECHTE
2019,Bremerhaven,parties,300,1200,99,0.9899328859060402,0.8132075471698114,0.9903555772040916,GRÜNE,FREIE WÄHLER
2019,Bremerhaven,parties,300,1600,265,0.9730526743949562,0.725103734439834,0.9748409759802525,GRÜNE,WIR
2019,Bremerhaven,parties,400,100,943,0.81549598904324,0.9277505363162734,0.9452380952380952,DIE LINKE,SPD
2019,Bremerhaven,parties,400,200,286,0.9440422617882998,0.9754485363550519,0.9826393104285541,DIE LINKE,CDU
2019,Bremerhaven,parties,400,300,1673,0.6726667971042849,0.8298759406141957,0.873945147679325,DIE LINKE,GRÜNE
2019,Bremerhaven,parties,400,400,5111,0,0,0,DIE LINKE,DIE LINKE
2019,Bremerhaven,parties,400,500,272,0.9467814517706906,0.9277556440903054,0.9683867968386797,DIE LINKE,FDP
2019,Bremerhaven,parties,400,600,147,0.9712385051848953,0.9666288308740069,0.984309958373359,DIE LINKE,AfD
2019,Bremerhaven,parties,400,700,204,0.960086088828018,0.9507603186097031,0.9774585635359117,DIE LINKE,BIW
2019,Bremerhaven,parties,400,900,343,0.9328898454314224,0.7753765553372626,0.9455123113582208,DIE LINKE,PIRATEN
2019,Bremerhaven,parties,400,1100,13,0.9974564664449227,0.9356435643564356,0.9975471698113207,DIE LINKE,DIE RECHTE
2019,Bremerhaven,parties,400,1200,62,0.9878693015065545,0.8830188679245283,0.9888868972934217,DIE LINKE,FREIE WÄHLER
2019,Bremerhaven,parties,400,1600,170,0.9667384073566817,0.8236514522821576,0.9712108382726503,DIE LINKE,WIR
2019,Bremerhaven,parties,500,100,670,0.8220451527224435,0.9486668709776279,0.9585062240663901,FDP,SPD
2019,Bremerhaven,parties,500,200,1064,0.7173970783532537,0.9086616876985149,0.9258536585365854,FDP,CDU
2019,Bremerhaven,parties,500,300,829,0.7798140770252324,0.9157006304657311,0.9350822239624119,FDP,GRÜNE
2019,Bremerhaven,parties,500,400,272,0.9277556440903054,0.9467814517706906,0.9683867968386797,FDP,DIE LINKE
2019,Bremerhaven,parties,500,500,3765,0,0,0,FDP,FDP
2019,Bremerhaven,parties,500,600,186,0.950597609561753,0.9577752553916005,0.9767034068136272,FDP,AfD
2019,Bremerhaven,parties,500,700,329,0.9126162018592298,0.9205889452087859,0.9565905792320887,FDP,BIW
2019,Bremerhaven,parties,500,900,132,0.9649402390438246,0.9135559921414538,0.9744186046511628,FDP,PIRATEN
2019,Bremerhaven,parties,500,1100,12,0.9968127490039841,0.9405940594059405,0.9969658659924147,FDP,DIE RECHTE
2019,Bremerhaven,parties,500,1200,62,0.9835325365205844,0.8830188679245283,0.9853531774155445,FDP,FREIE WÄHLER
2019,Bremerhaven,parties,500,1600,84,0.9776892430278884,0.9128630705394191,0.9819160387513455,FDP,WIR
2019,Bremerhaven,parties,600,100,227,0.9484676503972759,0.9826080294207784,0.9868253047011027,AfD,SPD
2019,Bremerhaven,parties,600,200,286,0.9350737797956867,0.9754485363550519,0.9818619989852867,AfD,CDU
2019,Bremerhaven,parties,600,300,141,0.9679909194097617,0.9856619890176938,0.989998581359058,AfD,GRÜNE
2019,Bremerhaven,parties,600,400,147,0.9666288308740069,0.9712385051848953,0.984309958373359,AfD,DIE LINKE
2019,Bremerhaven,parties,600,500,186,0.9577752553916005,0.950597609561753,0.9767034068136272,AfD,FDP
2019,Bremerhaven,parties,600,600,4405,0,0,0,AfD,AfD
2019,Bremerhaven,parties,600,700,538,0.8778660612939841,0.8701424088824523,0.9328339575530586,AfD,BIW
2019,Bremerhaven,parties,600,900,103,0.9766174801362089,0.9325474787164375,0.9823297306570595,AfD,PIRATEN
2019,Bremerhaven,parties,600,1100,66,0.985017026106697,0.6732673267326732,0.9854657564413125,AfD,DIE RECHTE
2019,Bremerhaven,parties,600,1200,50,0.9886492622020431,0.9056603773584906,0.9897645854657113,AfD,FREIE WÄHLER
2019,Bremerhaven,parties,600,1600,54,0.9877412031782066,0.9439834024896265,0.9898400752587018,AfD,WIR
2019,Bremerhaven,parties,700,100,438,0.8942795076031861,0.9664419246092553,0.97386166974995525,BIW,SPD
2019,Bremerhaven,parties,700,200,544,0.8686941829592083,0.9533007125075114,0.9643231899265478,BIW,CDU
2019,Bremerhaven,parties,700,300,364,0.912140960656529,0.9629855603009966,0.9732608535958275,BIW,GRÜNE
2019,Bremerhaven,parties,700,400,204,0.9507603186097031,0.960086088828018,0.9774585635359117,BIW,DIE LINKE
2019,Bremerhaven,parties,700,500,329,0.9205889452087859,0.9126162018592298,0.9565905792320887,BIW,FDP
2019,Bremerhaven,parties,700,600,538,0.8701424088824523,0.8778660612939841,0.9328339575530586,BIW,AfD
2019,Bremerhaven,parties,700,700,4143,0,0,0,BIW,BIW
2019,Bremerhaven,parties,700,900,174,0.9580014482259233,0.8860510805500983,0.9683406113537117,BIW,PIRATEN
2019,Bremerhaven,parties,700,1100,44,0.9893796765628772,0.7821782178217822,0.989769820971867,BIW,DIE RECHTE
2019,Bremerhaven,parties,700,1200,97,0.9765870142408882,0.8169811320754717,0.9788024475524475,BIW,FREIE WÄHLER
2019,Bremerhaven,parties,700,1600,112,0.9729664494327782,0.8838174273858921,0.9775775775775776,BIW,WIR
2019,Bremerhaven,parties,900,100,244,0.8402095612311722,0.9813055470425989,0.9829787234042553,PIRATEN,SPD
2019,Bremerhaven,parties,900,200,120,0.9214145383104125,0.9896986865825392,0.9908088235294118,PIRATEN,CDU
2019,Bremerhaven,parties,900,300,436,0.7144728225278323,0.9556640227781168,0.960091533180778,PIRATEN,GRÜNE
2019,Bremerhaven,parties,900,400,343,0.7753765553372626,0.9328898454314224,0.9455123113582208,PIRATEN,DIE LINKE
2019,Bremerhaven,parties,900,500,132,0.9135559921414538,0.9649402390438246,0.9744186046511628,PIRATEN,FDP
2019,Bremerhaven,parties,900,600,103,0.9325474787164375,0.9766174801362089,0.9823297306570595,PIRATEN,AfD
2019,Bremerhaven,parties,900,700,174,0.8860510805500983,0.9580014482259233,0.9683406113537117,PIRATEN,BIW
2019,Bremerhaven,parties,900,900,1527,0,0,0,PIRATEN,PIRATEN
2019,Bremerhaven,parties,900,1100,20,0.9869024230517355,0.900990099009901,0.9882972498537156,PIRATEN,DIE RECHTE
2019,Bremerhaven,parties,900,1200,86,0.9436804191224624,0.8377358490566038,0.9563673262303399,PIRATEN,FREIE WÄHLER
2019,Bremerhaven,parties,900,1600,129,0.9155206286836935,0.8661825726141079,0.945385266723116,PIRATEN,WIR
2019,Bremerhaven,parties,1100,100,15,0.9257425742574258,0.9988507508427827,0.9988669839111716,DIE RECHTE,SPD
2019,Bremerhaven,parties,1100,200,13,0.9356435643564356,0.9988840243797751,0.998901841527285,DIE RECHTE,CDU
2019,Bremerhaven,parties,1100,300,10,0.9504950495049505,0.998983119788489,0.9990025932575304,DIE RECHTE,GRÜNE
2019,Bremerhaven,parties,1100,400,13,0.9356435643564356,0.9974564664449227,0.9975471698113207,DIE RECHTE,DIE LINKE
2019,Bremerhaven,parties,1100,500,12,0.9405940594059405,0.9968127490039841,0.9969658659924147,DIE RECHTE,FDP
2019,Bremerhaven,parties,1100,600,66,0.6732673267326732,0.985017026106697,0.9854657564413125,DIE RECHTE,AfD
2019,Bremerhaven,parties,1100,700,44,0.7821782178217822,0.9893796765628772,0.989769820971867,DIE RECHTE,BIW
2019,Bremerhaven,parties,1100,900,20,0.900990099009901,0.9869024230517355,0.9882972498537156,DIE RECHTE,PIRATEN
2019,Bremerhaven,parties,1100,1100,202,0,0,0,DIE RECHTE,DIE RECHTE
2019,Bremerhaven,parties,1100,1200,9,0.9554455445544554,0.9830188679245283,0.9875518672199171,DIE RECHTE,FREIE WÄHLER
2019,Bremerhaven,parties,1100,1600,11,0.9455445544554455,0.9885892116182573,0.9904761904761905,DIE RECHTE,WIR
2019,Bremerhaven,parties,1200,100,82,0.8452830188679246,0.9937174379405455,0.9939259259259259,FREIE WÄHLER,SPD
2019,Bremerhaven,parties,1200,200,86,0.8377358490566038,0.9926173920508198,0.9928884478623997,FREIE WÄHLER,CDU
2019,Bremerhaven,parties,1200,300,99,0.8132075471698114,0.9899328859060402,0.9903555772040916,FREIE WÄHLER,GRÜNE
2019,Bremerhaven,parties,1200,400,62,0.8830188679245283,0.9878693015065545,0.9888868972934217,FREIE WÄHLER,DIE LINKE
2019,Bremerhaven,parties,1200,500,62,0.8830188679245283,0.9835325365205844,0.9853531774155445,FREIE WÄHLER,FDP
2019,Bremerhaven,parties,1200,600,50,0.9056603773584906,0.9886492622020431,0.9897645854657113,FREIE WÄHLER,AfD
2019,Bremerhaven,parties,1200,700,97,0.8169811320754717,0.9765870142408882,0.9788024475524475,FREIE WÄHLER,BIW
2019,Bremerhaven,parties,1200,900,86,0.8377358490566038,0.9436804191224624,0.9563673262303399,FREIE WÄHLER,PIRATEN
2019,Bremerhaven,parties,1200,1100,9,0.9830188679245283,0.9554455445544554,0.9875518672199171,FREIE WÄHLER,DIE RECHTE
2019,Bremerhaven,parties,1200,1200,530,0,0,0,FREIE WÄHLER,FREIE WÄHLER
2019,Bremerhaven,parties,1200,1600,67,0.8735849056603774,0.9304979253112033,0.9530483531885073,FREIE WÄHLER,WIR
2019,Bremerhaven,parties,1600,100,179,0.8143153526970954,0.9862856267238738,0.9870636698706367,WIR,SPD
2019,Bremerhaven,parties,1600,200,107,0.8890041493775933,0.9908146622027642,0.9914441068287222,WIR,CDU
2019,Bremerhaven,parties,1600,300,265,0.725103734439834,0.9730526743949562,0.9748409759802525,WIR,GRÜNE
2019,Bremerhaven,parties,1600,400,170,0.8236514522821576,0.9667384073566817,0.9712108382726503,WIR,DIE LINKE
2019,Bremerhaven,parties,1600,500,84,0.9128630705394191,0.9776892430278884,0.9819160387513455,WIR,FDP
2019,Bremerhaven,parties,1600,600,54,0.9439834024896265,0.9877412031782066,0.9898400752587018,WIR,AfD
2019,Bremerhaven,parties,1600,700,112,0.8838174273858921,0.9729664494327782,0.9775775775775776,WIR,BIW
2019,Bremerhaven,parties,1600,900,129,0.8661825726141079,0.9155206286836935,0.945385266723116,WIR,PIRATEN
2019,Bremerhaven,parties,1600,1100,11,0.9885892116182573,0.9455445544554455,0.9904761904761905,WIR,DIE RECHTE
2019,Bremerhaven,parties,1600,1200,67,0.9304979253112033,0.8735849056603774,0.9530483531885073,WIR,FREIE WÄHLER
2019,Bremerhaven,parties,1600,1600,964,0,0,0,WIR,WIR
