year,district,type,id,displayname,Partei,Name Partei/Wählervereinigung,voters_0,voters_1,voters_2,voters_3,voters_4,voters_5,voters,votes,votes_per_voter,person_party_voters_0,person_party_voters_1,person_party_voters_2,person_party_voters_3,person_party_voters_4,person_party_voters_5,person_party_voters,person_party_votes,person_party_votes_per_voter,party_voters_0,party_voters_1,party_voters_2,party_voters_3,party_voters_4,party_voters_5,party_voters,party_votes,party_votes_per_voter,num_cands,Titel,Name,Vorname,Geschlecht,Geburtsjahr,Geburtsort,Beruf,PLZ,Wohnort,Stadt- oder Ortsteil,Listenplatz,party_id,Farbe,mds_x_all,mds_x_parties,mds_y_all,mds_y_parties,mds2_x_all,mds2_x_parties,mds2_y_all,mds2_y_parties,mds3_x_all,mds3_df_mds_x_parties,mds3_y_all,mds3_df_mds_y_parties
2011,Bremen,list,100,SPD,SPD,Sozialdemokratische Partei Deutschlands,167880,12278,13684,12622,3187,23232,65003,206420,3.1755457440425827,159193,14370,16363,11973,5364,25620,73690,232571,3.1560727371420816,117163,9810,17871,20173,6410,61456,115720,438991,3.7935620463187005,64,NA,NA,NA,NA,NA,NA,NA,NA,NA,NA,NA,NA,#ff0000,0.04284078044607239,0.48904933671187406,-0.1001460155909455,0.04500078119618535,-0.32858614185019797,-0.14187899610397434,-0.2537642153815932,-0.13740363455645804,-0.6164986508290012,NA,0.5030222434221018,NA
2011,Bremen,list,200,CDU,CDU,Christlich Demokratische Union Deutschlands,198512,4232,4562,4582,1661,19334,34371,130416,3.7943615257048093,204720,4890,5121,3391,1904,12857,28163,97206,3.4515499059049106,177679,4761,5702,5051,2146,37544,55204,227622,4.123288167524093,48,NA,NA,NA,NA,NA,NA,NA,NA,NA,NA,NA,NA,#000000,0.015451726020774421,0.11265023401219973,0.020309179110388566,0.3558497589895583,0.35232929404747165,0.3422199054092427,-0.21485598842932846,-0.25247146321999253,-0.3254236286149517,NA,-0.8156581747514081,NA
2011,Bremen,list,300,GRÜNE,GRÜNE,BÜNDNIS 90/DIE GRÜNEN,179350,10062,14207,9241,2538,17485,53533,163776,3.0593465712737937,198696,10340,10008,4819,1826,7194,34187,88087,2.5766226928364584,155145,10804,21080,12999,4373,28482,77738,251863,3.2398955465795365,53,NA,NA,NA,NA,NA,NA,NA,NA,NA,NA,NA,NA,#009933,0.03983283028233528,0.4939856718804082,-0.09671240929204433,-0.03314311564275146,-0.2844863534416522,-0.33386475371694124,0.07618577368212125,-0.13172842303430218,0.025834099690888145,NA,0.605142555274829,NA
2011,Bremen,list,400,DIE LINKE,DIE LINKE,DIE LINKE,218496,3614,3050,1673,518,5532,14387,44465,3.0906373809689303,225997,2064,1339,712,374,2397,6886,20359,2.9565785652047634,212950,4484,3985,2110,730,8624,19933,64824,3.252094516630713,24,NA,NA,NA,NA,NA,NA,NA,NA,NA,NA,NA,NA,#990033,0.018595273266703894,0.1425938966995228,-0.05058123342620541,-0.27541817567232973,-0.07260398190753486,-0.32238327837017483,0.21353230881867796,0.04071212679011378,0.6030369750293713,NA,0.20974617519114946,NA
2011,Bremen,list,500,FDP,FDP,Freie Demokratische Partei,227434,1522,1303,592,139,1893,5449,15925,2.9225545971737934,229136,1486,894,329,121,917,3747,9330,2.489991993594876,224298,2386,2101,809,205,3084,8585,25255,2.94175888177053,24,NA,NA,NA,NA,NA,NA,NA,NA,NA,NA,NA,NA,#e6e600,0.007280113969263906,-0.048177534807906285,0.014776410185801187,0.32202284778888346,0.10279751585451424,0.2668346291945897,-0.01861765032222683,-0.313564850161732,0.020425583028429416,NA,-0.2969721676163912,NA
2011,Bremen,list,600,BIW,BIW,Bürger in Wut,224318,2225,1605,879,232,3624,8565,27120,3.1663747810858145,230012,1049,609,285,169,759,2871,7593,2.644723092998955,222251,2549,2010,983,255,4835,10632,34713,3.264954853273138,13,NA,NA,NA,NA,NA,NA,NA,NA,NA,NA,NA,NA,#ff9900,-0.006127416504066514,-0.11379613038043826,0.02270686184951529,0.06810742460987089,0.06852416608181824,0.1936285389298515,0.1369414555560735,0.3116712760930403,0.25098968615080774,NA,-0.10649269421059991,NA
2011,Bremen,list,700,BBL,BBL,Bremer & Bremerhavener Bürger Liste,231533,533,287,128,21,381,1350,3480,2.577777777777778,232028,412,178,54,26,185,855,1959,2.2912280701754386,230793,832,444,160,31,623,2090,5439,2.602392344497608,9,NA,NA,NA,NA,NA,NA,NA,NA,NA,NA,NA,NA,#808080,6.302597234464305e-4,-0.1847050572930231,0.01995215512785733,0.10203475952975354,0.024477844311545576,0.1699018004044706,0.03119760186754406,-0.029231400092582002,0.0973794550223769,NA,-0.07175061381164197,NA
2011,Bremen,list,800,Dialog Grundeinkommen,Dialog Grundeinkommen,"Bremer Dialog - Freiheit, Gleichheit, Grundeinkommen",231125,795,406,177,41,339,1758,3997,2.2736063708759953,232326,288,109,75,17,68,557,1139,2.044883303411131,230678,982,488,218,61,456,2205,5136,2.329251700680272,3,NA,NA,NA,NA,NA,NA,NA,NA,NA,NA,NA,NA,#808080,0.009916566304149917,-0.10103641037498018,-0.02447325067252379,-0.33416641996177354,-0.032098101889881415,-0.3567347599697086,0.0948844944379324,0.04551672014850775,0.13484342304313568,NA,0.06987215312032487,NA
2011,Bremen,list,900,B+B,B+B,Bremer und Bremerhavener Wählergemeinschaft,231275,500,319,158,41,590,1608,4726,2.939054726368159,230892,774,425,187,67,538,1991,5143,2.5831240582621797,229524,1054,673,300,91,1241,3359,9869,2.9380768085739803,21,NA,NA,NA,NA,NA,NA,NA,NA,NA,NA,NA,NA,#808080,0.0015194064932060164,-0.1642733645230546,0.020451439222930193,0.15304128345941637,0.043914064862317706,0.20184251876677806,0.02088358104480497,-0.1424515014049194,0.06375815881169827,NA,-0.15616059429578835,NA
2011,Bremen,list,1000,BIP,BIP,Bremische Integrations-Partei Deutschlands,232122,420,138,46,14,143,761,1605,2.109067017082786,232124,302,139,50,24,244,759,2046,2.6956521739130435,231432,644,276,85,30,416,1451,3651,2.516195727084769,12,NA,NA,NA,NA,NA,NA,NA,NA,NA,NA,NA,NA,#808080,0.005864721680640818,-0.11647080725841231,0.001479300689462543,-0.15379266863576446,-0.029552211963380263,-0.18181046864036937,0.03478193004408936,-0.19172101010142834,0.06052652795738217,NA,0.06155747555660311,NA
2011,Bremen,list,1100,FREIE WÄHLER,FREIE WÄHLER,FREIE WÄHLER BREMEN,232114,330,156,82,20,181,769,1873,2.435630689206762,232611,153,47,11,21,40,272,564,2.073529411764706,231896,423,197,97,21,249,987,2437,2.469098277608916,4,NA,NA,NA,NA,NA,NA,NA,NA,NA,NA,NA,NA,#808080,-0.005340522255933731,-0.18673466053284787,0.029380246813331228,0.0040972158133815145,0.018602609219139258,0.12078803916732157,0.04670120661270587,0.12288367137980222,0.07050336391832442,NA,-0.0342122968602125,NA
2011,Bremen,list,1300,NPD,NPD,Nationaldemokratische Partei Deutschlands,229132,687,510,347,102,2105,3751,13681,3.6472940549186883,232100,210,193,79,75,226,783,2263,2.8901660280970627,228666,652,590,334,95,2546,4217,15944,3.780886886412141,6,NA,NA,NA,NA,NA,NA,NA,NA,NA,NA,NA,NA,#808080,-0.07644135343776955,-0.13566760071488687,-0.010653285502592863,0.005316057996427003,0.06595830316931486,0.1673428083950495,0.15011013327165548,0.424549047174603,0.15893029571298328,NA,-0.0653569866061752,NA
2011,Bremen,list,1400,PIRATEN,PIRATEN,Piratenpartei Deutschland,226056,2466,1582,706,156,1917,6827,17957,2.630291489673356,231520,618,295,131,79,240,1363,3117,2.2868672046955245,225019,2757,1802,809,194,2302,7864,21074,2.6798067141403865,7,NA,NA,NA,NA,NA,NA,NA,NA,NA,NA,NA,NA,#808080,0.006483134813532384,-0.04024992222972403,-0.020755323876678753,-0.25716468300420103,-0.023703879558680224,-0.2001264046259318,0.12146616395546808,0.11012976775526893,0.19527156942872642,NA,0.04706429665573724,NA
2011,Bremen,list,1600,RRP,RRP,Rentnerinnen und Rentner Partei,230676,895,383,176,33,720,2207,5921,2.68282736746715,231729,456,242,106,61,289,1154,2947,2.553726169844021,229778,1080,598,248,47,1132,3105,8868,2.856038647342995,7,NA,NA,NA,NA,NA,NA,NA,NA,NA,NA,NA,NA,#808080,-0.00382764010161489,-0.14716765118872918,0.04415987906939942,-0.0017850664666574723,0.005914913131913612,0.07424042115979491,0.030071373130394267,0.1431096732300791,0.0623543967940599,NA,-0.02116054807075181,NA
2011,Bremerhaven,list,100,SPD,SPD,Sozialdemokratische Partei Deutschlands,28081,1611,1950,2176,513,6909,13159,48636,3.696025533855156,35506,1283,1263,802,419,1967,5734,17726,3.091384722706662,24214,1368,2459,2640,639,9920,17026,66362,3.8976858921649242,12,NA,NA,NA,NA,NA,NA,NA,NA,NA,NA,NA,NA,#ff0000,-0.05967245942714609,0.17717657481251534,-0.0468303428937944,-0.4467130819681665,-0.2732042267752843,-0.046014074911248884,-0.1315452373210728,-0.28121047301253993,0.18309344541299383,NA,0.4782893876639467,NA
2011,Bremerhaven,list,200,CDU,CDU,Christlich Demokratische Union Deutschlands,34575,835,708,614,176,4332,6665,26457,3.969542385596399,37538,775,704,331,232,1660,3702,12404,3.350621285791464,31740,943,1085,700,212,6560,9500,38861,4.090631578947368,8,NA,NA,NA,NA,NA,NA,NA,NA,NA,NA,NA,NA,#000000,-0.032553416118555216,-0.24238333597355513,0.006566534471519767,-0.20919078050735007,-0.009877260707783943,0.4617790925046036,0.27863467841119693,-0.0875410348579815,-0.627029460343646,NA,0.08677339287785694,NA
2011,Bremerhaven,list,300,GRÜNE,GRÜNE,BÜNDNIS 90/DIE GRÜNEN,32213,1542,2239,1281,312,3653,9027,29376,3.2542372881355934,36810,1184,1103,556,239,1348,4430,12754,2.8790067720090295,29093,1522,2895,1722,388,5620,12147,42130,3.4683460936856836,7,NA,NA,NA,NA,NA,NA,NA,NA,NA,NA,NA,NA,#009933,-0.05362581666381319,0.19126925467974779,-0.032590603411355765,-0.43318525019626564,-0.16522027118847474,-0.14077091712633114,-0.13813299502999105,-0.33882033627874575,0.2423121225667183,NA,0.32990617950653206,NA
2011,Bremerhaven,list,400,DIE LINKE,DIE LINKE,DIE LINKE,38971,525,412,208,58,1066,2269,7535,3.3208461877479065,40695,215,101,68,16,145,545,1410,2.5871559633027523,38578,593,489,229,68,1283,2662,8945,3.3602554470323067,3,NA,NA,NA,NA,NA,NA,NA,NA,NA,NA,NA,NA,#990033,-0.009571736029963977,0.007112468121407524,0.016347873891793794,-0.059638021851758774,0.0015848254646270651,-0.22257078473721228,-0.07809133914238664,-0.11528121402292577,0.10606568835032673,NA,-0.005588621746746852,NA
2011,Bremerhaven,list,500,FDP,FDP,Freie Demokratische Partei,40056,377,225,110,24,448,1184,3493,2.950168918918919,40246,418,224,87,24,241,994,2428,2.442655935613682,39241,609,414,185,26,765,1999,5921,2.9619809904952477,5,NA,NA,NA,NA,NA,NA,NA,NA,NA,NA,NA,NA,#e6e600,-0.012589087411491251,-0.29359849448097397,0.027531302645727965,-0.06756977514150478,-9.883566231904007e-4,0.47189020774044094,0.07026220249830202,-0.1457149002891637,-0.21727365915083283,NA,0.05494162704052807,NA
2011,Bremerhaven,list,600,BIW,BIW,BÜRGER IN WUT,38848,617,406,216,60,1093,2392,7782,3.2533444816053514,39281,541,383,177,93,765,1959,6035,3.080653394589076,37292,820,657,295,82,2094,3948,13817,3.4997467071935158,13,NA,NA,NA,NA,NA,NA,NA,NA,NA,NA,NA,NA,#ff9900,0.010177582770660226,-0.1745403566454934,0.06424736333076515,0.04732153495879271,0.19538659787656093,0.013112181597550898,-0.08382553770995248,0.31921118942365284,0.13198757171562625,NA,-0.565141924780877,NA
2011,Bremerhaven,list,900,B+B,B+B,Bremer und Bremerhavener Wählergemeinschaft,40655,237,100,53,3,192,585,1568,2.68034188034188,40849,192,63,21,14,101,391,942,2.4092071611253196,40311,378,158,66,17,310,929,2510,2.7018299246501614,6,NA,NA,NA,NA,NA,NA,NA,NA,NA,NA,NA,NA,#808080,0.005370850403499839,0.2274177612335813,0.04988229208039061,0.20593868634434587,0.01724395958999069,-0.03906283939693607,-0.041759614960759764,0.007465676474619655,0.12819362898410197,NA,-0.028547688401153168,NA
2011,Bremerhaven,list,1000,BIP,BIP,Bremische Integrations-Partei Deutschlands,41127,62,14,10,2,25,113,253,2.2389380530973453,41020,72,49,14,7,78,220,630,2.8636363636363638,40928,114,55,25,6,112,312,883,2.8301282051282053,2,NA,NA,NA,NA,NA,NA,NA,NA,NA,NA,NA,NA,#808080,0.013131796252961117,0.03885139086230067,0.034433621945418554,0.10371802098459286,-0.01820178166338058,-0.16748790388498702,-0.04288028590250433,-0.24909127074044923,0.10880422597337477,NA,0.04285839746387514,NA
2011,Bremerhaven,list,1200,Für Bremerhaven,Für Bremerhaven,Für Bremerhaven,40772,214,73,24,6,151,468,1211,2.5876068376068377,40939,129,58,15,15,84,301,770,2.558139534883721,40521,289,129,31,9,261,719,1981,2.755215577190542,4,NA,NA,NA,NA,NA,NA,NA,NA,NA,NA,NA,NA,#808080,0.012858679897036358,0.26565162951606547,0.06273043096626159,0.2406379646700556,0.02957944938618352,-0.07867624018416249,-0.04959493507279255,0.10477279667277696,0.08815431873678863,NA,-0.05239071942515425,NA
2011,Bremerhaven,list,1300,NPD,NPD,Nationaldemokratische Partei Deutschlands,40293,160,130,64,22,571,947,3555,3.753959873284055,40943,82,37,27,21,130,297,971,3.2693602693602695,40063,187,143,80,22,745,1177,4526,3.8453695836873405,6,NA,NA,NA,NA,NA,NA,NA,NA,NA,NA,NA,NA,#808080,0.061732156127825816,-0.37032062907402913,-0.005547734585292782,0.11486869860906325,0.1352090082800592,0.037204155447669356,-0.04987468098493242,0.27386019866517364,0.0017606736829399072,NA,-0.24688682704033085,NA
2011,Bremerhaven,list,1400,PIRATEN,PIRATEN,Piratenpartei Deutschland,40122,363,248,121,29,357,1118,3123,2.7933810375670842,40917,144,73,38,6,62,323,738,2.2848297213622293,39883,426,303,139,33,456,1357,3861,2.845246868091378,3,NA,NA,NA,NA,NA,NA,NA,NA,NA,NA,NA,NA,#808080,0.0019298712742711688,0.04090992050898584,0.036292775880881256,0.08355595042095744,0.01806721833857592,-0.19437236257400348,-0.07067349658528879,-0.04381560559420805,0.11630602150520959,NA,-0.03502542712531458,NA
2011,Bremerhaven,list,1500,PdB,PdB,Protest der Bürger,41011,108,30,20,2,69,229,581,2.537117903930131,40981,106,32,24,5,92,259,722,2.787644787644788,40787,184,50,33,10,176,453,1303,2.876379690949227,3,NA,NA,NA,NA,NA,NA,NA,NA,NA,NA,NA,NA,#808080,0.03537986153202147,-0.006731322072162303,0.05701400634318585,0.23314659576965105,0.09158411486262395,-0.07506982985149167,-0.052128262546437196,0.40070085336120753,0.06651147418346484,NA,-0.19024478709809017,NA
2011,Bremerhaven,list,1600,RRP,RRP,Rentnerinnen und Rentner Partei,40596,257,95,44,4,244,644,1815,2.8183229813664594,40923,116,97,26,19,59,317,759,2.3943217665615144,40370,284,172,56,12,346,870,2574,2.9586206896551723,2,NA,NA,NA,NA,NA,NA,NA,NA,NA,NA,NA,NA,#808080,0.007889939695083044,0.13918513851160985,0.06270828488318524,0.1871094579075885,0.04119120339654919,-0.01996068462389187,-0.0428512365260584,0.15546412019858566,0.04570993268784837,NA,-0.07348550041473213,NA
2015,Bremen,list,100,SPD,SPD,Sozialdemokratische Partei Deutschlands,166288,8709,8633,8092,1979,16903,44316,142682,3.2196497878869934,154881,9512,10908,8672,3909,22722,55723,186590,3.3485275380004667,123974,7901,13043,14321,4503,46862,86630,329272,3.800900380930394,68,NA,NA,NA,NA,NA,NA,NA,NA,NA,NA,NA,NA,#ff0000,0.07819577811636778,-0.42776623857621204,-0.08296141823493848,-0.012153442879022255,-0.33453161341378146,-0.1608092333081387,0.13015788684270863,-0.20106591189695927,-0.522071152906928,NA,-0.6442388923958425,NA
2015,Bremen,list,200,GRÜNE,GRÜNE,BÜNDNIS 90/DIE GRÜNEN,181027,6996,8352,4682,1147,8400,29577,84334,2.851337187679616,182460,8352,8006,3661,1335,6790,28144,74637,2.6519684479818078,158429,9843,14863,7801,2341,17327,52175,158971,3.0468806899856253,45,NA,NA,NA,NA,NA,NA,NA,NA,NA,NA,NA,NA,#009933,0.07162236490701547,-0.4322651141160751,-0.06676606770412963,0.10042223683444854,-0.21765192328224972,-0.3094161165622062,-0.051889941215443325,-0.16942143408720492,-0.1003072655565316,NA,-0.5670910766164209,NA
2015,Bremen,list,300,CDU,CDU,Christlich Demokratische Union Deutschlands,179072,4181,4104,4398,1439,17410,31532,118389,3.754566789293416,181132,4603,4919,3432,1920,14598,29472,105407,3.5765133007600434,155684,4791,5987,5756,2167,36219,54920,223796,4.074945375091041,51,NA,NA,NA,NA,NA,NA,NA,NA,NA,NA,NA,NA,#000000,0.021847583278910166,-0.06957626941603164,-0.0519166277423251,-0.36753310300688535,0.23478122972472817,0.33491023396117453,0.22699955841386893,-0.29090787511214933,-0.40910113994604935,NA,0.7181238473081759,NA
2015,Bremen,list,400,DIE LINKE,DIE LINKE,DIE LINKE,190889,3985,3795,2620,875,8440,19715,65135,3.303829571392341,198677,3250,2632,1446,740,3859,11927,35107,2.9434895614991197,181652,5008,5358,3553,1306,13727,28952,100242,3.4623514783089253,16,NA,NA,NA,NA,NA,NA,NA,NA,NA,NA,NA,NA,#990033,0.04818018280669832,-0.17266852386481166,-0.032632875796542365,0.22951049446667424,-0.09237479984557989,-0.29071165298832274,-0.2248528872817746,0.08094229152878848,0.26712889699900405,NA,-0.23201093939819326,NA
2015,Bremen,list,500,BIW,BIW,BÜRGER IN WUT,205829,1297,898,501,147,1932,4775,14844,3.10869109947644,206485,1110,878,386,168,1577,4119,12581,3.0543821315853363,202411,1786,1571,748,187,3901,8193,27425,3.347369705846454,20,NA,NA,NA,NA,NA,NA,NA,NA,NA,NA,NA,NA,#ff9900,-0.019882064765263878,0.24802505128407165,-0.0035639352611808056,-0.14281554985031433,0.06602874094129148,0.2920119296897439,-0.07426864801404612,0.30203439655947656,0.16209520703752853,NA,0.1460933385812775,NA
2015,Bremen,list,600,FDP,FDP,Freie Demokratische Partei,199376,2489,2281,1159,361,4938,11228,36662,3.265229782686142,200013,2922,2382,1163,448,3676,10591,31347,2.9597771692946844,190727,3712,4083,1862,555,9665,19877,68009,3.4214921768878606,33,NA,NA,NA,NA,NA,NA,NA,NA,NA,NA,NA,NA,#e6e600,0.014817162287855597,0.013837982367675942,-0.028761953168517505,-0.3501562350678465,0.1368369115815081,0.3064223117202262,0.092690228733664,-0.38635623630409854,-0.15852115162039335,NA,0.38797205219993003,NA
2015,Bremen,list,700,PIRATEN,PIRATEN,Piratenpartei Deutschland,206095,1798,1020,459,102,1130,4509,11273,2.500110889332446,209505,496,233,98,47,225,1099,2569,2.337579617834395,205216,2055,1225,542,119,1447,5388,13842,2.569042316258352,7,NA,NA,NA,NA,NA,NA,NA,NA,NA,NA,NA,NA,#808080,0.015854191935344597,0.1967750648517273,-0.0017892736665035209,0.29244729941229203,-0.008082740027040292,-0.22713081424386422,-0.1381809104175339,0.11856001649532517,0.19151253986565434,NA,-0.04189354292519032,NA
2015,Bremen,list,900,AfD,AfD,Alternative für Deutschland,199466,1472,1298,1040,380,6948,11138,43448,3.900879870712875,206630,904,733,394,283,1660,3974,12984,3.2672370407649725,196544,1559,1658,1139,380,9324,14060,56432,4.013655761024182,16,NA,NA,NA,NA,NA,NA,NA,NA,NA,NA,NA,NA,#0099ff,-0.045827719888248214,0.251344583005278,-0.034007594855413444,-0.20198265781665448,0.1336562984991079,0.34824144834216697,-0.13012279893345094,0.35949226574084814,0.16857978480921482,NA,0.19011217789808343,NA
2015,Bremen,list,1000,Die PARTEI,Die PARTEI,"Partei für Arbeit, Rechtsstaat, Tierschutz, Elitenförderung und basisdemokratische Initiative",205738,1847,956,431,123,1509,4866,13089,2.689889025893958,208280,987,432,191,99,615,2324,5895,2.5365748709122204,203784,2472,1297,582,173,2296,6820,18984,2.7835777126099708,45,NA,NA,NA,NA,NA,NA,NA,NA,NA,NA,NA,NA,#808080,0.01753505065718376,0.17721091305627348,0.007517916192602923,0.30411641893815633,0.006925296955920267,-0.22356715744839523,-0.2364193375245342,0.12241950614061571,0.8601931882220588,NA,-0.08848107787031355,NA
2015,Bremen,list,1100,Tierschutzpartei,Tierschutzpartei,PARTEI MENSCH UMWELT TIERSCHUTZ,206830,1396,791,372,68,1147,3774,10101,2.676470588235294,209828,356,244,53,29,94,776,1589,2.047680412371134,206314,1524,930,393,88,1355,4290,11690,2.724941724941725,2,NA,NA,NA,NA,NA,NA,NA,NA,NA,NA,NA,NA,#808080,0.008947066270994264,0.2150825514081023,-0.004167502395687923,0.1481445389691514,-0.002425565477589101,-0.06995094916238509,-0.08962291331074637,0.06430298093535805,0.09814896122127874,NA,-0.017108826514896244,NA
2015,Bremerhaven,list,100,SPD,SPD,Sozialdemokratische Partei Deutschlands,25406,1200,1098,1302,325,4623,8548,31717,3.710458586803931,27437,1035,1229,896,446,2911,6517,22520,3.4555777198097286,20452,1044,1627,1848,520,8463,13502,54237,4.0169604503036584,15,NA,NA,NA,NA,NA,NA,NA,NA,NA,NA,NA,NA,#ff0000,-0.06676522529362902,-0.42738634630304073,0.023511246760543544,0.047433243791195435,-0.24334072201496804,-0.30678590139654294,0.05130142931293577,-0.12602712471985206,0.037618038114004174,NA,-0.6040821348472721,NA
2015,Bremerhaven,list,200,GRÜNE,GRÜNE,BÜNDNIS 90/DIE GRÜNEN,30422,908,1023,440,95,1066,3532,9984,2.826727066817667,31138,828,745,285,111,847,2816,7852,2.788352272727273,28085,1212,1676,730,173,2078,5869,17836,3.0390185721588003,10,NA,NA,NA,NA,NA,NA,NA,NA,NA,NA,NA,NA,#009933,-0.028992848347566928,-0.3900759721623864,0.020247398975107786,0.16475495762432046,-0.07325944535570594,-0.38709075966694473,0.07859485154939892,-0.04257682110616032,0.1336840029770317,NA,-0.34398423079281765,NA
2015,Bremerhaven,list,300,CDU,CDU,Christlich Demokratische Union Deutschlands,28103,756,641,660,207,3587,5851,22781,3.8935224747906343,29654,697,726,454,274,2149,4300,15352,3.570232558139535,24748,794,932,830,265,6385,9206,38133,4.142189876167716,8,NA,NA,NA,NA,NA,NA,NA,NA,NA,NA,NA,NA,#000000,0.007193823389088391,-0.20398537735415048,-0.12923985663166915,-0.29152357001486306,0.1068851680974281,0.06481550715826304,-0.251225668545125,-0.41904874756376054,-0.5853650526227583,NA,0.15897137590800395,NA
2015,Bremerhaven,list,400,DIE LINKE,DIE LINKE,DIE LINKE,31375,475,383,257,79,1385,2579,9253,3.5878247382706476,33235,229,150,104,31,205,719,1990,2.767732962447844,30857,545,462,292,92,1706,3097,11243,3.630287374878915,3,NA,NA,NA,NA,NA,NA,NA,NA,NA,NA,NA,NA,#990033,0.014552104170770998,-0.03882623802030426,0.022864440494257756,0.2585301839700127,0.040454290264522644,-0.18657909935772096,0.10518659203120602,0.22435263537829853,0.15691951247759273,NA,0.05967637972329485,NA
2015,Bremerhaven,list,500,BIW,BIW,BÜRGER IN WUT,32440,431,256,187,22,618,1514,4682,3.092470277410832,32196,407,376,163,56,756,1758,5652,3.2150170648464163,31069,499,510,263,39,1574,2885,10334,3.5819757365684577,2,NA,NA,NA,NA,NA,NA,NA,NA,NA,NA,NA,NA,#ff9900,0.05170046742350635,0.1509985820603428,-0.00215071645602953,-0.2561446729626147,0.11585767373953025,0.31804667346065707,0.08163098600648135,0.012986882039374191,0.09438827675498897,NA,0.21228421518305227,NA
2015,Bremerhaven,list,600,FDP,FDP,Freie Demokratische Partei,32372,382,276,131,44,749,1582,5248,3.3173198482932995,32677,448,273,119,39,398,1277,3497,2.7384494909945185,31313,605,512,224,56,1244,2641,8745,3.3112457402499054,6,NA,NA,NA,NA,NA,NA,NA,NA,NA,NA,NA,NA,#e6e600,0.019009116383550323,-0.10143726404083057,-0.041846639727650695,-0.2570399532019058,0.06787156759592997,0.02662862021532629,-0.06604209454131933,-0.44815615801904274,-0.26013268430065556,NA,0.1276537441152986,NA
2015,Bremerhaven,list,700,PIRATEN,PIRATEN,Piratenpartei Deutschland,33107,291,193,89,13,261,847,2301,2.716646989374262,33352,212,117,81,19,173,602,1630,2.707641196013289,32619,401,279,137,29,489,1335,3931,2.944569288389513,3,NA,NA,NA,NA,NA,NA,NA,NA,NA,NA,NA,NA,#808080,0.045418850501222435,0.1550929115816516,0.02565558052252639,0.26081223894780364,0.07445900133072114,-0.1102348719063324,0.10878701087638079,0.2308816085726756,0.1878056028095439,NA,0.1235517021543699,NA
2015,Bremerhaven,list,800,NPD,NPD,Nationaldemokratische Partei Deutschlands,33526,99,57,30,8,234,428,1505,3.5163551401869158,33746,56,32,16,23,81,208,665,3.1971153846153846,33374,108,74,34,8,356,580,2170,3.7413793103448274,4,NA,NA,NA,NA,NA,NA,NA,NA,NA,NA,NA,NA,#808080,0.13332538863586402,0.2344429401950926,0.05548169459505399,-0.11344345628906549,0.17289646590174543,0.3504091329335113,0.14004225647691962,0.12339605960691026,0.13141829564908244,NA,0.2377189937577074,NA
2015,Bremerhaven,list,900,AfD,AfD,Alternative für Deutschland,32352,257,170,135,47,993,1602,6155,3.8420724094881398,33351,170,116,89,28,200,603,1781,2.953565505804312,31933,260,248,168,49,1296,2021,7936,3.926768926274122,3,NA,NA,NA,NA,NA,NA,NA,NA,NA,NA,NA,NA,#0099ff,0.0571513250610759,0.21906589406091664,0.002382044386543681,-0.2484119212188834,0.12462941613656005,0.37073830668636926,0.07991036054560056,0.07996047105711687,0.10483264265230322,NA,0.21336863945047718,NA
2015,Bremerhaven,list,1000,Die PARTEI,Die PARTEI,"Partei für Arbeit, Rechtsstaat, Tierschutz, Elitenförderung und basisdemokratische Initiative",33268,229,123,57,16,261,686,2015,2.93731778425656,33598,145,76,31,21,83,356,889,2.497191011235955,32984,295,194,82,20,379,970,2904,2.9938144329896907,7,NA,NA,NA,NA,NA,NA,NA,NA,NA,NA,NA,NA,#808080,0.05949591161775914,0.21159581002191533,0.02314604026808078,0.25609487110910967,0.11301392061048916,-0.072585179228155,0.1327641066684175,0.23312185235316418,0.3421308357714579,NA,0.27423704263945115,NA
2015,Bremerhaven,list,1100,Tierschutzpartei,Tierschutzpartei,PARTEI MENSCH UMWELT TIERSCHUTZ,33290,240,123,43,9,249,664,1896,2.855421686746988,33795,83,32,18,7,19,159,324,2.0377358490566038,33183,271,143,55,12,290,771,2220,2.8793774319066148,3,NA,NA,NA,NA,NA,NA,NA,NA,NA,NA,NA,NA,#808080,0.04771763868430524,0.19051505996079457,0.017626177470361288,0.17893807824488997,0.09985182499958645,-0.06736242889843089,0.10598218410652621,0.13110934240127484,0.1533448627580914,NA,0.14274463528725864,NA
2019,Bremen,list,100,SPD,SPD,Sozialdemokratische Partei Deutschlands,214716,9063,8337,6789,1802,20244,46235,154532,3.3423164269492807,212415,9599,9550,6146,3344,19897,48536,159998,3.2964809625844733,177768,10080,12713,9970,2986,47434,83183,314530,3.781181250976762,67,NA,NA,NA,NA,NA,NA,NA,NA,NA,NA,NA,NA,#ff0000,-0.03717120262740067,0.36933688290494626,0.07252966452350518,-0.09905762899420772,-0.26550725135005676,-0.06397151793311916,-0.26638294752269304,-0.1863178244356238,0.8196029996633228,NA,0.46546185377168886,NA
2019,Bremen,list,200,CDU,CDU,Christlich Demokratische Union Deutschlands,213816,6108,6119,7180,2452,25276,47135,176074,3.735525617906015,214703,6442,7501,6129,3255,22921,46248,167456,3.620826846566338,178123,5836,7998,9748,3776,55470,82828,343530,4.147510503694403,54,NA,NA,NA,NA,NA,NA,NA,NA,NA,NA,NA,NA,#000000,-0.012686227316881687,0.20372993315342589,0.03009100767219198,0.2747466770015083,0.33806160504017313,0.344305105631354,-0.18992541654747408,-0.3226745484300865,0.26561440135748765,NA,-0.8431290879974858,NA
2019,Bremen,list,300,GRÜNE,GRÜNE,BÜNDNIS 90/DIE GRÜNEN,212008,8583,11522,8370,2280,18188,48943,156797,3.2036654884253113,236776,7162,6576,3298,1191,5948,24175,64712,2.6768148914167527,193908,10334,15857,10811,3177,26864,67043,221509,3.3039840102620706,32,NA,NA,NA,NA,NA,NA,NA,NA,NA,NA,NA,NA,#009933,-0.035969080760684204,0.405671264413452,0.06399760483132261,-0.17339108510191756,-0.20328230117063104,-0.2628987853895073,-0.013528622643814955,-0.15711911525629896,0.05770838503456596,NA,0.40327560075248076,NA
2019,Bremen,list,400,DIE LINKE,DIE LINKE,DIE LINKE,229958,5976,6617,4593,1396,12411,30993,100628,3.2467976639886427,244097,4800,3928,2212,946,4968,16854,47916,2.8430046279814882,216922,7481,9154,6109,1997,19288,44029,148544,3.3737763746621545,21,NA,NA,NA,NA,NA,NA,NA,NA,NA,NA,NA,NA,#990033,-0.0317636076909479,0.30758405472463285,0.05368646257384104,-0.23228402995626093,-0.18814763128108167,-0.280813622615905,0.12007227013408805,0.020136362265027248,-0.18229585122683076,NA,0.39721937125951207,NA
2019,Bremen,list,500,FDP,FDP,Freie Demokratische Partei,245749,3915,3745,1824,495,5223,15202,44972,2.958294961189317,249169,4047,3135,1221,427,2952,11782,30448,2.5842811067730436,236259,5826,6222,2678,714,9252,24692,75420,3.0544305848047952,28,NA,NA,NA,NA,NA,NA,NA,NA,NA,NA,NA,NA,#e6e600,-0.007792577951153326,0.1355675548626318,0.02030253606232143,0.29581793580427773,0.1157321408452169,0.302405631116845,-0.016237582161972186,-0.3562979000628479,-0.020860927671932775,NA,-0.3383995187877993,NA
2019,Bremen,list,600,AfD,AfD,Alternative für Deutschland,247682,1568,1285,1275,492,8649,13269,53176,4.00753636295124,255682,919,993,583,422,2352,5269,18102,3.4355665211615105,243990,1428,1604,1271,461,12197,16961,71278,4.202464477330346,13,NA,NA,NA,NA,NA,NA,NA,NA,NA,NA,NA,NA,#0099ff,0.06899624303199646,-0.06839411170907678,0.02143389964125009,0.3545602587782741,0.08297253520512148,0.3711799975218984,0.1947523605721092,0.3847628020824215,-0.215131344249826,NA,-0.12120161880390745,NA
2019,Bremen,list,700,BIW,BIW,BÜRGER IN WUT,257079,1210,802,364,92,1404,3872,11294,2.916838842975207,257791,956,619,297,128,1160,3160,9397,2.97373417721519,254465,1660,1301,530,136,2859,6486,20691,3.1901017576318225,19,NA,NA,NA,NA,NA,NA,NA,NA,NA,NA,NA,NA,#ff9900,0.02579583832710506,-0.10694788816705184,9.675423538971743e-4,0.31008922564358476,0.04882444361854364,0.35816216798578815,0.11433674445488905,0.28774609578441646,-0.213752173666044,NA,-0.11737019322304558,NA
2019,Bremen,list,800,Die PARTEI,Die PARTEI,"Partei für Arbeit, Rechtsstaat, Tierschutz, Elitenförderung und basisdemokratische Initiative",253854,2379,1535,664,152,2367,7097,19884,2.8017472171340003,259123,785,393,155,71,424,1828,4440,2.428884026258206,252355,2830,1865,777,187,2937,8596,24324,2.829688227082364,36,NA,NA,NA,NA,NA,NA,NA,NA,NA,NA,NA,NA,#808080,-0.010558051082964036,-0.08571989323352093,0.0021788373177669493,-0.1347267851148419,-0.06706411572844202,-0.17159293961609653,0.167628905447916,0.15520496871210637,-0.5834061632122652,NA,0.25363417038203806,NA
2019,Bremen,list,900,PIRATEN,PIRATEN,Piratenpartei Deutschland,257929,1260,692,308,43,719,3022,7335,2.427200529450695,259994,410,198,87,37,225,957,2340,2.445141065830721,257097,1558,858,363,63,1012,3854,9675,2.510378827192527,17,NA,NA,NA,NA,NA,NA,NA,NA,NA,NA,NA,NA,#808080,-0.007148229900532734,-0.17120372278765203,-0.0022965173971406165,-0.13243096080873656,-0.04219959019138809,-0.1548742833382598,0.10655857403967348,0.15710306553419048,-0.2939848565809627,NA,0.1276269435129964,NA
2019,Bremen,list,1000,BGE,BGE,Bündnis Grundeinkommen - Die Grundeinkommenspartei,258931,937,432,134,28,489,2020,4760,2.3564356435643563,260384,309,108,40,16,94,567,1179,2.0793650793650795,258436,1178,516,171,34,616,2515,5939,2.3614314115308153,13,NA,NA,NA,NA,NA,NA,NA,NA,NA,NA,NA,NA,#808080,-0.00927982827157894,-0.1843579592888964,0.00388381811745774,-0.10437830661254553,-0.04442401466235258,-0.14974787691552907,0.06399053532720507,0.08824995983530218,-0.14288070444673454,NA,0.09352412728665296,NA
2019,Bremen,list,1200,FREIE WÄHLER,FREIE WÄHLER,FREIE WÄHLER,258419,773,453,264,78,964,2532,7603,3.0027646129541865,258977,763,419,177,96,519,1974,5111,2.589159067882472,256768,1231,788,391,131,1642,4183,12714,3.039445374133397,14,NA,NA,NA,NA,NA,NA,NA,NA,NA,NA,NA,NA,#808080,-0.002015016927388651,-0.13331379410122055,-0.0033895716584875055,0.06741761015919058,0.010743259482941725,0.13872859922327607,0.043527773673003874,-0.06474476720253293,-0.10107105234639382,NA,-0.016556723644486293,NA
2019,Bremen,list,1300,MENSCHLICHE WELT,MENSCHLICHE WELT,Menschliche Welt für das Wohl und Glücklichsein aller,259979,481,177,88,16,210,972,2213,2.2767489711934155,260764,114,36,12,1,24,187,346,1.8502673796791445,259848,520,228,88,16,251,1103,2559,2.3200362647325474,1,NA,NA,NA,NA,NA,NA,NA,NA,NA,NA,NA,NA,#808080,-0.00390691018414072,-0.23343737736133477,-0.008831774037410561,-0.12181244843076003,-0.022820679181943606,-0.11384230632702144,0.047945648495792054,-0.013961248120946512,-0.05914740325231955,NA,0.02863920115894406,NA
2019,Bremen,list,1400,Die Humanisten,Die Humanisten,Partei der Humanisten,258801,756,475,240,55,624,2150,5766,2.681860465116279,260573,184,67,30,22,75,378,871,2.304232804232804,258497,858,536,266,61,733,2454,6637,2.704563977180114,6,NA,NA,NA,NA,NA,NA,NA,NA,NA,NA,NA,NA,#808080,-0.006183727915943584,-0.21587111780704424,-0.005809914108476923,-0.14920266279215946,-0.025552642691429067,-0.13210702376418745,0.0552766611169817,-0.029674616634938356,-0.09435000079998745,NA,0.04447538044374451,NA
2019,Bremen,list,1500,V-Partei³,V-Partei³,"V-Partei³ - Partei für Veränderung, Vegetarier und Veganer",259410,677,293,151,42,378,1541,3774,2.4490590525632707,260714,128,32,37,8,32,237,495,2.088607594936709,259233,746,318,170,43,441,1718,4269,2.4848661233993017,3,NA,NA,NA,NA,NA,NA,NA,NA,NA,NA,NA,NA,#808080,-0.008257024497395795,-0.22264382560328863,-0.005994923599649498,-0.15534779957540595,-0.03215525620629774,-0.18493314557953633,0.05541272299901273,0.03758676592981071,-0.08754289595113837,NA,0.04597098770449908,NA
2019,Bremerhaven,list,100,SPD,SPD,Sozialdemokratische Partei Deutschlands,34052,1386,1256,1160,330,4585,8717,31623,3.62773890099805,36794,1238,1259,749,414,2315,5975,19234,3.21907949790795,29717,1382,1837,1476,412,7945,13052,50857,3.896490959239963,11,NA,NA,NA,NA,NA,NA,NA,NA,NA,NA,NA,NA,#ff0000,-0.0552379328872363,-0.0034566115013640168,0.04401088997943091,0.33395667728452194,-0.21536769777057777,0.10617392360964978,0.008660321728893264,-0.21808681306531935,0.17849354228258046,NA,-0.43180568175948586,NA
2019,Bremerhaven,list,200,CDU,CDU,Christlich Demokratische Union Deutschlands,35326,958,856,952,269,4408,7443,28642,3.848179497514443,37458,997,930,561,303,2520,5311,18352,3.4554697797025042,31120,1147,1306,1189,367,7640,11649,46994,4.034166022834578,10,NA,NA,NA,NA,NA,NA,NA,NA,NA,NA,NA,NA,#000000,-0.03627993678747458,-0.24733970994455318,0.022634930072164366,0.21678227130865213,-0.09672966155271441,0.44453411576720775,-0.07075712316004283,-0.0483421199448457,-0.5637770685611185,NA,-0.26952603723200247,NA
2019,Bremerhaven,list,300,GRÜNE,GRÜNE,BÜNDNIS 90/DIE GRÜNEN,35639,1249,1469,1070,257,3085,7130,23850,3.345021037868163,39239,1012,849,459,168,1042,3530,9969,2.8240793201133143,32935,1453,2112,1430,343,4496,9834,33819,3.438987187309335,7,NA,NA,NA,NA,NA,NA,NA,NA,NA,NA,NA,NA,#009933,-0.0439935825365541,0.14478916282590432,0.01527871100324452,0.3676013826446567,-0.14648942175685892,-0.045711564971747394,0.037950992395986406,-0.3391458843487388,0.23021461281586098,NA,-0.30194179293610685,NA
2019,Bremerhaven,list,400,DIE LINKE,DIE LINKE,DIE LINKE,39023,745,779,424,110,1688,3746,12455,3.324879871863321,40974,586,422,238,77,472,1795,4812,2.680779944289694,37658,946,1059,588,151,2367,5111,17267,3.3783995304245744,3,NA,NA,NA,NA,NA,NA,NA,NA,NA,NA,NA,NA,#990033,-0.024486039429435447,0.2760584231141186,-0.0031154613449150465,0.19768389451699056,-0.0518234069904923,-0.27022701406877725,0.04824605767487401,-0.2571226711184529,0.2311680976596708,NA,-0.08189914079171418,NA
2019,Bremerhaven,list,500,FDP,FDP,Freie Demokratische Partei,40252,628,521,318,74,976,2517,7800,3.098927294398093,41187,610,379,166,66,361,1582,3935,2.4873577749683946,39004,896,852,435,80,1502,3765,11735,3.1168658698539176,5,NA,NA,NA,NA,NA,NA,NA,NA,NA,NA,NA,NA,#e6e600,-0.020122110790526147,-0.18671192202081313,-0.003003441688091412,0.12308426346931595,-0.041581018481857246,0.3963932497945777,-0.007543957734658881,-0.07473764180596411,-0.14059518969408724,NA,-0.09540941446759023,NA
2019,Bremerhaven,list,600,AfD,AfD,Alternative für Deutschland,39441,412,305,295,123,2193,3328,13364,4.015625,41281,292,264,137,104,691,1488,5102,3.428763440860215,38364,376,443,306,114,3166,4405,18466,4.192054483541431,5,NA,NA,NA,NA,NA,NA,NA,NA,NA,NA,NA,NA,#0099ff,0.09961577698687218,-0.3259902071191783,0.016284684556126854,-0.19056348693861966,0.2091619968023957,-0.056934508077957975,0.19202251760945865,0.44299985832047767,0.12158736147875185,NA,0.36509711028140895,NA
2019,Bremerhaven,list,700,BIW,BIW,BÜRGER IN WUT,40709,525,401,251,51,832,2060,6444,3.1281553398058253,40142,559,512,304,131,1121,2627,8624,3.2828321279025503,38626,624,728,436,95,2260,4143,15068,3.636978035240164,10,NA,NA,NA,NA,NA,NA,NA,NA,NA,NA,NA,NA,#ff9900,0.027646620286015212,-0.2811398790269874,-0.057585654050286664,-0.13182213237466228,0.18232487634155334,0.04303487001307233,-0.1778117666133651,0.2788299930795211,-0.22517436044011183,NA,0.468099712487677,NA
2019,Bremerhaven,list,900,PIRATEN,PIRATEN,Piratenpartei Deutschland,41764,342,199,110,27,327,1005,2813,2.799004975124378,42127,271,118,61,39,153,642,1611,2.5093457943925235,41242,482,306,163,39,537,1527,4424,2.8971840209561233,4,NA,NA,NA,NA,NA,NA,NA,NA,NA,NA,NA,NA,#808080,-0.002380780020394546,0.2729739300685972,-0.04356985684163253,-0.16001753270626765,0.010255891256347417,-0.28719078825454064,0.061598642946456304,-0.10554881129101663,0.2137734431008547,NA,0.049928655688829156,NA
2019,Bremerhaven,list,1100,DIE RECHTE,DIE RECHTE,"DIE RECHTE ? Partei für Volksabstimmung, Souveränität und Heimatschutz",42630,56,13,12,5,53,139,403,2.8992805755395685,42687,32,12,8,6,24,82,224,2.731707317073171,42567,69,23,18,2,90,202,627,3.103960396039604,7,NA,NA,NA,NA,NA,NA,NA,NA,NA,NA,NA,NA,#808080,0.02579315128809433,-0.0756462172367399,-0.05174181965653199,-0.25240537411085445,0.13787455027300158,-0.1149386063340465,0.12164748285646561,0.4313441016822958,0.1818672848846486,NA,0.3040667383879368,NA
2019,Bremerhaven,list,1200,FREIE WÄHLER,FREIE WÄHLER,FREIE WÄHLER,42376,166,68,42,11,106,393,1002,2.549618320610687,42573,105,34,18,3,36,196,419,2.1377551020408165,42239,210,96,45,11,168,530,1421,2.681132075471698,1,NA,NA,NA,NA,NA,NA,NA,NA,NA,NA,NA,NA,#808080,0.004018292289243277,0.1692887478405678,-0.03717179118102832,-0.28509033750307683,0.024222323235874612,-0.032892823582332094,0.022358047632608607,0.011334989792269391,0.03797737646286795,NA,0.03445937167548713,NA
2019,Bremerhaven,list,1600,WIR,WIR,Willkommen in der Realität,42311,175,86,49,10,138,458,1224,2.6724890829694323,42185,205,123,49,36,171,584,1597,2.7345890410958904,41805,300,199,89,24,352,964,2821,2.926348547717842,4,NA,NA,NA,NA,NA,NA,NA,NA,NA,NA,NA,NA,#808080,-0.004318778784827055,0.2571742830004474,-0.04439747514392476,-0.21920962559065527,-0.012003452460240514,-0.18224085389510558,0.020790468443783853,-0.12152500130022842,0.13820617981618116,NA,-0.004490058066641654,NA
